,station,glatos_array,station_no,consecutive_deploy_no,intend_lat,intend_long,deploy_lat,deploy_long,recover_lat,recover_long,deploy_date_time,recover_date_time,bottom_depth,riser_length,instrument_depth,ins_model_no,glatos_ins_frequency,ins_serial_no,code_map,code_map_comment,deployed_by,comments,glatos_seasonal,glatos_project,glatos_vps,initial_deploy_year
1,HAM-039,HAM,39,7,NA,NA,43.28176,-79.85158,NA,NA,6/7/2021 13:12,6/9/2022 18:23,17.9,NA,NA,VR2AR,69,549109,MAP-114,error 1 initialization occurred between deploy and recover,NA,NA,No,HAMLO,No,2021
2,HAM-039,HAM,39,7,NA,NA,43.28176,-79.85158,NA,NA,6/7/2021 13:12,6/9/2022 18:23,17.9,NA,NA,VR2AR,69,549109,MAP-114,error 1 initialization occurred between deploy and recover,NA,NA,No,HAMLO,No,2022
3,HAM-045,HAM,45,5,NA,NA,43.3046,-79.80238,NA,NA,6/16/2021 16:12,9/1/2022 15:45,1.2,NA,NA,VR2W,69,121991,MAP-114,NA,NA,NA,No,HAMLO,No,2021
4,HAM-045,HAM,45,5,NA,NA,43.3046,-79.80238,NA,NA,6/16/2021 16:12,9/1/2022 15:45,1.2,NA,NA,VR2W,69,121991,MAP-114,NA,NA,NA,No,HAMLO,No,2022
5,HAM-023,HAM,23,10,NA,NA,43.28569,-79.86764,NA,NA,6/16/2021 17:00,6/9/2022 18:51,9,NA,NA,VR2AR,69,548243,MAP-114,NA,NA,NA,No,HAMLO,No,2021
6,HAM-023,HAM,23,10,NA,NA,43.28569,-79.86764,NA,NA,6/16/2021 17:00,6/9/2022 18:51,9,NA,NA,VR2AR,69,548243,MAP-114,NA,NA,NA,No,HAMLO,No,2022
7,HAM-043,HAM,43,6,NA,NA,43.27957,-79.8915,NA,NA,6/16/2021 17:20,9/15/2022 16:38,2,NA,NA,VR2W,69,121999,MAP-114,NA,NA,NA,No,HAMLO,No,2021
8,HAM-043,HAM,43,6,NA,NA,43.27957,-79.8915,NA,NA,6/16/2021 17:20,9/15/2022 16:38,2,NA,NA,VR2W,69,121999,MAP-114,NA,NA,NA,No,HAMLO,No,2022
9,HAM-063,HAM,63,5,NA,NA,43.2822,-79.88451,NA,NA,6/16/2021 17:52,9/15/2022 15:59,1.5,NA,NA,VR2W,69,119660,MAP-114,error 1 initialization occurred between deploy and recover,NA,NA,No,HAMLO,No,2021
10,HAM-063,HAM,63,5,NA,NA,43.2822,-79.88451,NA,NA,6/16/2021 17:52,9/15/2022 15:59,1.5,NA,NA,VR2W,69,119660,MAP-114,error 1 initialization occurred between deploy and recover,NA,NA,No,HAMLO,No,2022
11,HAM-017,HAM,17,9,NA,NA,43.29488,-79.82113,NA,NA,6/16/2021 18:00,6/9/2022 13:32,19.8,NA,NA,VR2AR,69,547993,MAP-114,error 1 initialization occurred between deploy and recover,NA,NA,No,HAMLO,No,2021
12,HAM-017,HAM,17,9,NA,NA,43.29488,-79.82113,NA,NA,6/16/2021 18:00,6/9/2022 13:32,19.8,NA,NA,VR2AR,69,547993,MAP-114,error 1 initialization occurred between deploy and recover,NA,NA,No,HAMLO,No,2022
13,HAM-041,HAM,41,8,NA,NA,43.2767,-79.83893,NA,NA,6/16/2021 18:18,9/15/2022 17:28,NA,NA,NA,VR2W,69,131525,MAP-113,NA,NA,NA,No,HAMLO,No,2021
14,HAM-041,HAM,41,8,NA,NA,43.2767,-79.83893,NA,NA,6/16/2021 18:18,9/15/2022 17:28,NA,NA,NA,VR2W,69,131525,MAP-113,NA,NA,NA,No,HAMLO,No,2022
15,HAM-046,HAM,46,7,NA,NA,43.30771,-79.82588,NA,NA,6/16/2021 18:37,9/15/2022 18:34,2,NA,NA,VR2W,69,133002,MAP-114,NA,NA,NA,No,HAMLO,No,2021
16,HAM-046,HAM,46,7,NA,NA,43.30771,-79.82588,NA,NA,6/16/2021 18:37,9/15/2022 18:34,2,NA,NA,VR2W,69,133002,MAP-114,NA,NA,NA,No,HAMLO,No,2022
17,HAM-009,HAM,9,10,NA,NA,43.28036,-79.80383,NA,NA,6/17/2021 17:00,10/8/2021 4:00,13,NA,NA,VR2W,69,127827,MAP-114,NA,NA,NA,No,HAMLO,No,2021
18,HAM-034,HAM,34,10,NA,NA,43.27142,-79.80812,NA,NA,6/17/2021 17:45,9/15/2022 18:13,1.6,NA,NA,VR2W,69,121993,MAP-114,error 1 initialization occurred between deploy and recover,NA,NA,No,HAMLO,No,2021
19,HAM-034,HAM,34,10,NA,NA,43.27142,-79.80812,NA,NA,6/17/2021 17:45,9/15/2022 18:13,1.6,NA,NA,VR2W,69,121993,MAP-114,error 1 initialization occurred between deploy and recover,NA,NA,No,HAMLO,No,2022
20,HAM-048,HAM,48,6,NA,NA,43.27311,-79.88506,NA,NA,6/17/2021 19:05,9/15/2022 17:08,2.5,NA,NA,VR2W,69,133001,MAP-114,NA,NA,NA,No,HAMLO,No,2021
21,HAM-048,HAM,48,6,NA,NA,43.27311,-79.88506,NA,NA,6/17/2021 19:05,9/15/2022 17:08,2.5,NA,NA,VR2W,69,133001,MAP-114,NA,NA,NA,No,HAMLO,No,2022
22,HAM-051,HAM,51,6,NA,NA,43.26976,-79.87317,NA,NA,6/17/2021 19:19,9/9/2022 18:16,3.2,NA,NA,VR2W,69,121988,MAP-114,NA,NA,NA,No,HAMLO,No,2021
23,HAM-051,HAM,51,6,NA,NA,43.26976,-79.87317,NA,NA,6/17/2021 19:19,9/9/2022 18:16,3.2,NA,NA,VR2W,69,121988,MAP-114,NA,NA,NA,No,HAMLO,No,2022
24,HAM-047,HAM,47,6,NA,NA,43.30267,-79.83991,NA,NA,6/17/2021 19:45,9/15/2022 18:47,1.5,NA,NA,VR2W,69,119706,MAP-114,NA,NA,NA,No,HAMLO,No,2021
25,HAM-047,HAM,47,6,NA,NA,43.30267,-79.83991,NA,NA,6/17/2021 19:45,9/15/2022 18:47,1.5,NA,NA,VR2W,69,119706,MAP-114,NA,NA,NA,No,HAMLO,No,2022
26,HAM-013,HAM,13,9,NA,NA,43.29691,-79.80157,NA,NA,6/23/2021 18:30,9/13/2022 16:31,9.7,NA,NA,VR2W,69,119681,MAP-114,NA,NA,NA,No,HAMLO,No,2021
27,HAM-013,HAM,13,9,NA,NA,43.29691,-79.80157,NA,NA,6/23/2021 18:30,9/13/2022 16:31,9.7,NA,NA,VR2W,69,119681,MAP-114,NA,NA,NA,No,HAMLO,No,2022
28,HAM-011,HAM,11,7,NA,NA,43.2773,-79.8669,NA,NA,6/23/2021 19:30,9/7/2022 17:27,12.6,NA,NA,VR2W,69,133111,MAP-114,error 1 initialization occurred between deploy and recover,NA,NA,No,HAMLO,No,2021
29,HAM-011,HAM,11,7,NA,NA,43.2773,-79.8669,NA,NA,6/23/2021 19:30,9/7/2022 17:27,12.6,NA,NA,VR2W,69,133111,MAP-114,error 1 initialization occurred between deploy and recover,NA,NA,No,HAMLO,No,2022
30,HAM-035,HAM,35,6,NA,NA,43.26228,-79.77238,NA,NA,6/28/2021 17:15,10/18/2022 14:59,2,NA,NA,VR2W,69,131522,MAP-114,NA,NA,NA,No,HAMLO,No,2021
31,HAM-035,HAM,35,6,NA,NA,43.26228,-79.77238,NA,NA,6/28/2021 17:15,10/18/2022 14:59,2,NA,NA,VR2W,69,131522,MAP-114,NA,NA,NA,No,HAMLO,No,2022
32,HAM-012,HAM,12,10,NA,NA,43.30048,-79.80591,NA,NA,6/28/2021 18:30,9/15/2022 19:10,7.6,NA,NA,VR2W,69,127839,MAP-114,error 1 initialization occurred between deploy and recover,NA,NA,No,HAMLO,No,2021
33,HAM-012,HAM,12,10,NA,NA,43.30048,-79.80591,NA,NA,6/28/2021 18:30,9/15/2022 19:10,7.6,NA,NA,VR2W,69,127839,MAP-114,error 1 initialization occurred between deploy and recover,NA,NA,No,HAMLO,No,2022
34,HAM-053,HAM,53,7,NA,NA,43.2759,-79.86333,NA,NA,6/28/2021 19:07,9/8/2022 19:10,6.3,NA,NA,VR2W,69,127837,MAP-114,NA,NA,NA,No,HAMLO,No,2021
35,HAM-053,HAM,53,7,NA,NA,43.2759,-79.86333,NA,NA,6/28/2021 19:07,9/8/2022 19:10,6.3,NA,NA,VR2W,69,127837,MAP-114,NA,NA,NA,No,HAMLO,No,2022
36,HAM-036,HAM,36,10,NA,NA,43.27139,-79.8695,NA,NA,6/28/2021 20:00,8/3/2022 1:13,NA,NA,NA,VR2W,69,131493,MAP-114,error 1 initialization occurred between deploy and recover,NA,NA,No,HAMLO,No,2021
37,HAM-036,HAM,36,10,NA,NA,43.27139,-79.8695,NA,NA,6/28/2021 20:00,8/3/2022 1:13,NA,NA,NA,VR2W,69,131493,MAP-114,error 1 initialization occurred between deploy and recover,NA,NA,No,HAMLO,No,2022
38,HAM-058,HAM,58,5,NA,NA,43.31292,-79.8061,NA,NA,7/19/2021 18:57,9/1/2022 15:25,1.2,NA,NA,VR2W,69,119690,MAP-114,NA,NA,NA,No,HAMLO,No,2021
39,HAM-058,HAM,58,5,NA,NA,43.31292,-79.8061,NA,NA,7/19/2021 18:57,9/1/2022 15:25,1.2,NA,NA,VR2W,69,119690,MAP-114,NA,NA,NA,No,HAMLO,No,2022
40,HAM-022,HAM,22,10,NA,NA,43.30235,-79.79037,NA,NA,7/27/2021 12:34,6/9/2022 17:25,6.8,NA,NA,VR2AR,69,549114,MAP-114,NA,NA,NA,No,HAMLO,No,2021
41,HAM-022,HAM,22,10,NA,NA,43.30235,-79.79037,NA,NA,7/27/2021 12:34,6/9/2022 17:25,6.8,NA,NA,VR2AR,69,549114,MAP-114,NA,NA,NA,No,HAMLO,No,2022
42,HAM-030,HAM,30,8,NA,NA,43.27192,-79.92519,NA,NA,9/10/2021 18:52,10/18/2022 16:13,NA,NA,NA,VR2W,69,119662,MAP-114,NA,NA,NA,No,HAMLO,No,2021
43,HAM-030,HAM,30,8,NA,NA,43.27192,-79.92519,NA,NA,9/10/2021 18:52,10/18/2022 16:13,NA,NA,NA,VR2W,69,119662,MAP-114,NA,NA,NA,No,HAMLO,No,2022
44,HAM-032,HAM,32,9,NA,NA,43.27973,-79.89346,NA,NA,9/10/2021 19:20,9/28/2022 14:00,1.9,NA,NA,VR2W,69,132999,MAP-114,NA,NA,NA,No,HAMLO,No,2021
45,HAM-032,HAM,32,9,NA,NA,43.27973,-79.89346,NA,NA,9/10/2021 19:20,9/28/2022 14:00,1.9,NA,NA,VR2W,69,132999,MAP-114,NA,NA,NA,No,HAMLO,No,2022
46,HAM-042,HAM,42,6,NA,NA,43.26877,-79.9348,NA,NA,9/11/2021 20:00,9/11/2021 20:00,NA,NA,NA,VR2W,69,133112,NA,code map not available (receiver currently deployed),NA,NA,No,HAMLO,No,2021
47,HAM-018,HAM,18,9,NA,NA,43.27267,-79.878,NA,NA,10/19/2021 18:30,6/9/2022 19:06,6.1,NA,NA,VR2AR,69,548257,MAP-114,NA,NA,NA,No,HAMLO,No,2021
48,HAM-018,HAM,18,9,NA,NA,43.27267,-79.878,NA,NA,10/19/2021 18:30,6/9/2022 19:06,6.1,NA,NA,VR2AR,69,548257,MAP-114,NA,NA,NA,No,HAMLO,No,2022
49,HAM-015,HAM,15,9,NA,NA,43.29365,-79.85536,NA,NA,10/19/2021 18:45,6/9/2022 19:27,6.7,NA,NA,VR2AR,69,548259,MAP-114,NA,NA,NA,No,HAMLO,No,2021
50,HAM-015,HAM,15,9,NA,NA,43.29365,-79.85536,NA,NA,10/19/2021 18:45,6/9/2022 19:27,6.7,NA,NA,VR2AR,69,548259,MAP-114,NA,NA,NA,No,HAMLO,No,2022
51,HAM-005,HAM,5,8,NA,NA,43.28133,-79.86433,NA,NA,10/19/2021 19:00,6/9/2022 18:35,14.6,NA,NA,VR2AR,69,547990,MAP-114,NA,NA,NA,No,HAMLO,No,2021
52,HAM-005,HAM,5,8,NA,NA,43.28133,-79.86433,NA,NA,10/19/2021 19:00,6/9/2022 18:35,14.6,NA,NA,VR2AR,69,547990,MAP-114,NA,NA,NA,No,HAMLO,No,2022
53,HAM-021,HAM,21,8,NA,NA,43.28578,-79.82647,NA,NA,10/19/2021 19:13,6/9/2022 17:56,16.6,NA,NA,VR2AR,69,547996,MAP-114,NA,NA,NA,No,HAMLO,No,2021
54,HAM-021,HAM,21,8,NA,NA,43.28578,-79.82647,NA,NA,10/19/2021 19:13,6/9/2022 17:56,16.6,NA,NA,VR2AR,69,547996,MAP-114,NA,NA,NA,No,HAMLO,No,2022
55,HAM-003,HAM,3,9,NA,NA,43.29504,-79.796895,NA,NA,10/19/2021 19:25,6/9/2022 17:45,15.6,NA,NA,VR2AR,69,549107,MAP-114,NA,NA,NA,No,HAMLO,No,2021
56,HAM-003,HAM,3,9,NA,NA,43.29504,-79.796895,NA,NA,10/19/2021 19:25,6/9/2022 17:45,15.6,NA,NA,VR2AR,69,549107,MAP-114,NA,NA,NA,No,HAMLO,No,2022
57,HAM-025,HAM,25,9,NA,NA,43.30969,-79.81158,NA,NA,10/19/2021 19:37,6/9/2022 13:20,5.1,NA,NA,VR2AR,69,548283,MAP-114,NA,NA,NA,No,HAMLO,No,2021
58,HAM-025,HAM,25,9,NA,NA,43.30969,-79.81158,NA,NA,10/19/2021 19:37,6/9/2022 13:20,5.1,NA,NA,VR2AR,69,548283,MAP-114,NA,NA,NA,No,HAMLO,No,2022
59,HAM-001,HAM,1,9,NA,NA,43.30537,-79.82082,NA,NA,10/20/2021 14:07,11/22/2022 17:25,NA,NA,NA,VR2W,69,127832,MAP-114,NA,NA,NA,No,HAMLO,No,2021
60,HAM-001,HAM,1,9,NA,NA,43.30537,-79.82082,NA,NA,10/20/2021 14:07,11/22/2022 17:25,NA,NA,NA,VR2W,69,127832,MAP-114,NA,NA,NA,No,HAMLO,No,2022
61,HAM-002,HAM,2,9,NA,NA,43.28528,-79.79556,NA,NA,10/20/2021 14:50,11/22/2022 16:43,22.3,NA,NA,VR2W,69,127833,MAP-114,NA,NA,NA,No,HAMLO,No,2021
62,HAM-002,HAM,2,9,NA,NA,43.28528,-79.79556,NA,NA,10/20/2021 14:50,11/22/2022 16:43,22.3,NA,NA,VR2W,69,127833,MAP-114,NA,NA,NA,No,HAMLO,No,2022
63,HAM-007,HAM,7,9,NA,NA,43.30139,-79.83972,NA,NA,10/20/2021 17:50,11/17/2022 16:05,10.2,NA,NA,VR2W,69,126879,MAP-114,NA,NA,NA,No,HAMLO,No,2021
64,HAM-007,HAM,7,9,NA,NA,43.30139,-79.83972,NA,NA,10/20/2021 17:50,11/17/2022 16:05,10.2,NA,NA,VR2W,69,126879,MAP-114,NA,NA,NA,No,HAMLO,No,2022
65,HAM-009,HAM,9,11,NA,NA,43.28036,-79.80383,NA,NA,10/27/2021 15:00,9/15/2022 17:57,13,NA,NA,VR2W,69,127827,MAP-114,NA,NA,NA,No,HAMLO,No,2022
66,HAM-004,HAM,4,8,NA,NA,43.28667,-79.84556,NA,NA,10/27/2021 15:30,11/22/2022 15:05,25,NA,NA,VR2W,69,131524,MAP-114,NA,NA,NA,No,HAMLO,No,2021
67,HAM-004,HAM,4,8,NA,NA,43.28667,-79.84556,NA,NA,10/27/2021 15:30,11/22/2022 15:05,25,NA,NA,VR2W,69,131524,MAP-114,NA,NA,NA,No,HAMLO,No,2022
68,HAM-028,HAM,28,9,NA,NA,43.27556,-79.88194,NA,NA,10/27/2021 20:05,11/17/2022 15:26,7.8,NA,NA,VR2W,69,126878,MAP-114,NA,NA,NA,No,HAMLO,No,2021
69,HAM-028,HAM,28,9,NA,NA,43.27556,-79.88194,NA,NA,10/27/2021 20:05,11/17/2022 15:26,7.8,NA,NA,VR2W,69,126878,MAP-114,NA,NA,NA,No,HAMLO,No,2022
70,HAM-037,HAM,37,6,NA,NA,43.2789,-79.88599,NA,NA,11/9/2021 19:17,11/14/2022 18:40,4.9,NA,NA,VR2W,69,119693,MAP-114,NA,NA,NA,No,HAMLO,No,2021
71,HAM-037,HAM,37,6,NA,NA,43.2789,-79.88599,NA,NA,11/9/2021 19:17,11/14/2022 18:40,4.9,NA,NA,VR2W,69,119693,MAP-114,NA,NA,NA,No,HAMLO,No,2022
72,HAM-019,HAM,19,9,NA,NA,43.27811,-79.85158,NA,NA,11/9/2021 19:37,11/14/2022 19:52,18,NA,NA,VR2W,69,127847,MAP-114,NA,NA,NA,No,HAMLO,No,2021
73,HAM-019,HAM,19,9,NA,NA,43.27811,-79.85158,NA,NA,11/9/2021 19:37,11/14/2022 19:52,18,NA,NA,VR2W,69,127847,MAP-114,NA,NA,NA,No,HAMLO,No,2022
74,HAM-006,HAM,6,9,NA,NA,43.30664,-79.80837,NA,NA,11/10/2021 15:40,11/17/2022 16:27,8.2,NA,NA,VR2W,69,127850,MAP-113,NA,NA,NA,No,HAMLO,No,2021
75,HAM-006,HAM,6,9,NA,NA,43.30664,-79.80837,NA,NA,11/10/2021 15:40,11/17/2022 16:27,8.2,NA,NA,VR2W,69,127850,MAP-113,NA,NA,NA,No,HAMLO,No,2022
76,HAM-066,HAM,66,3,NA,NA,43.29282,-79.88101,NA,NA,4/5/2022 16:50,9/28/2022 19:43,0.6,NA,NA,VR2W,69,127843,MAP-115,NA,NA,NA,Yes,HAMLO,No,2022
77,HAM-067,HAM,67,3,NA,NA,43.29409,-79.87926,NA,NA,4/5/2022 17:22,9/28/2022 20:09,0.8,NA,NA,VR2W,69,137957,MAP-115,NA,NA,NA,No,HAMLO,No,2022
78,HAM-059,HAM,59,3,NA,NA,43.29484,-79.8759,NA,NA,4/5/2022 17:45,9/28/2022 20:15,0.8,NA,NA,VR2W,69,137955,MAP-115,NA,NA,NA,Yes,HAMLO,No,2022
79,HAM-061,HAM,61,3,NA,NA,43.29002,-79.88233,NA,NA,4/5/2022 18:00,9/28/2022 18:35,0.8,NA,NA,VR2W,69,137956,MAP-115,NA,NA,NA,Yes,HAMLO,No,2022
80,HAM-033,HAM,33,6,NA,NA,43.29208,-79.88394,NA,NA,4/5/2022 18:30,9/28/2022 18:20,0.8,NA,NA,VR2W,69,127828,MAP-115,NA,NA,NA,No,HAMLO,No,2022
81,HAM-060,HAM,60,3,NA,NA,43.29026,-79.88512,NA,NA,4/5/2022 18:50,9/28/2022 18:49,0.7,NA,NA,VR2W,69,127836,MAP-115,NA,NA,NA,Yes,HAMLO,No,2022
82,HAM-062,HAM,62,3,NA,NA,43.29034,-79.8864,NA,NA,4/5/2022 19:20,11/3/2022 15:00,0.8,NA,NA,VR2W,69,127840,MAP-115,NA,NA,NA,No,HAMLO,No,2022
83,HAM-068,HAM,68,1,NA,NA,43.28967,-79.88531,NA,NA,4/5/2022 19:45,9/28/2022 18:45,0.7,NA,NA,VR2W,69,137954,MAP-115,NA,NA,NA,Yes,HAMLO,No,2022
84,HAM-029,HAM,29,8,NA,NA,43.28936,-79.88731,NA,NA,4/5/2022 20:00,9/28/2022 18:57,1,NA,NA,VR2W,69,132818,MAP-115,NA,NA,NA,No,HAMLO,No,2022
85,HAM-025,HAM,25,10,NA,NA,43.30969,-79.81158,NA,NA,6/9/2022 13:24,7/11/2023 12:47,6.1,NA,NA,VR2AR,69,548706,MAP-115,NA,NA,NA,No,HAMLO,No,2023
86,HAM-017,HAM,17,10,NA,NA,43.29488,-79.82113,NA,NA,6/9/2022 13:37,7/11/2023 14:20,18.8,NA,NA,VR2AR,69,548283,MAP-115,NA,NA,NA,No,HAMLO,No,2023
87,HAM-022,HAM,22,11,NA,NA,43.30235,-79.79037,NA,NA,6/9/2022 17:32,8/14/2023 19:44,6.6,NA,NA,VR2AR,69,549116,MAP-115,NA,NA,NA,No,HAMLO,No,2023
88,HAM-003,HAM,3,10,NA,NA,43.29504,-79.796895,NA,NA,6/9/2022 17:49,7/10/2023 14:25,17.6,NA,NA,VR2AR,69,549114,MAP-115,NA,NA,NA,No,HAMLO,No,2023
89,HAM-021,HAM,21,9,NA,NA,43.28578,-79.82647,NA,NA,6/9/2022 18:05,7/10/2023 15:02,18.6,NA,NA,VR2AR,69,549107,MAP-115,NA,NA,NA,No,HAMLO,No,2023
90,HAM-039,HAM,39,8,NA,NA,43.28176,-79.85158,NA,NA,6/9/2022 18:31,6/23/2023 16:45,19.7,NA,NA,VR2AR,69,547996,MAP-115,NA,NA,NA,No,HAMLO,No,2023
91,HAM-005,HAM,5,9,NA,NA,43.28133,-79.86433,NA,NA,6/9/2022 18:45,7/10/2023 15:28,15.3,NA,NA,VR2AR,69,549109,MAP-115,NA,NA,NA,No,HAMLO,No,2023
92,HAM-023,HAM,23,11,NA,NA,43.28569,-79.86764,NA,NA,6/9/2022 18:58,7/11/2023 13:37,9.1,NA,NA,VR2AR,69,547990,MAP-115,NA,NA,NA,No,HAMLO,No,2023
93,HAM-018,HAM,18,10,NA,NA,43.27267,-79.878,NA,NA,6/9/2022 19:12,6/23/2023 17:00,6.9,NA,NA,VR2AR,69,548243,MAP-115,NA,NA,NA,No,HAMLO,No,2023
94,HAM-015,HAM,15,10,NA,NA,43.29365,-79.85536,NA,NA,6/9/2022 19:29,7/11/2023 13:20,7.8,NA,NA,VR2AR,69,548257,MAP-115,NA,NA,NA,No,HAMLO,No,2023
95,HAM-010,HAM,10,6,NA,NA,43.26856,-79.7815,NA,NA,6/15/2022 13:30,11/8/2022 15:30,2,NA,NA,VR2W,69,131523,MAP-115,NA,NA,NA,Yes,HAMLO,No,2022
96,HAM-027,HAM,27,9,NA,NA,43.27361,-79.87139,NA,NA,7/7/2022 18:35,11/17/2022 14:55,11.6,NA,NA,VR2W,69,124715,MAP-115,NA,NA,NA,No,HAMLO,No,2022
97,HAM-036,HAM,36,11,NA,NA,43.27139,-79.8695,NA,NA,8/3/2022 1:13,9/14/2023 16:01,NA,NA,NA,VR2W,69,131493,MAP-114,error 1 initialization occurred between deploy and recover,NA,NA,No,HAMLO,No,2023
98,HAM-058,HAM,58,6,NA,NA,43.31292,-79.8061,NA,NA,9/1/2022 15:25,8/16/2023 13:50,1.2,NA,NA,VR2W,69,124717,MAP-115,NA,NA,NA,No,HAMLO,No,2023
99,HAM-045,HAM,45,6,NA,NA,43.3046,-79.80238,NA,NA,9/1/2022 15:45,9/14/2023 15:25,1.2,NA,NA,VR2W,69,127829,MAP-115,NA,NA,NA,No,HAMLO,No,2023
100,HAM-011,HAM,11,8,NA,NA,43.2773,-79.8669,NA,NA,9/7/2022 17:27,9/14/2023 16:58,12.6,NA,NA,VR2W,69,119711,MAP-115,error 1 initialization occurred between deploy and recover,NA,NA,No,HAMLO,No,2023
101,HAM-053,HAM,53,8,NA,NA,43.2759,-79.86333,NA,NA,9/8/2022 19:10,9/14/2023 18:19,6.3,NA,NA,VR2W,69,133111,MAP-115,NA,NA,NA,No,HAMLO,No,2023
102,HAM-051,HAM,51,7,NA,NA,43.26976,-79.87317,NA,NA,9/9/2022 18:16,9/14/2023 16:33,3.2,NA,NA,VR2W,69,121991,MAP-115,NA,NA,NA,No,HAMLO,No,2023
103,HAM-013,HAM,13,10,NA,NA,43.29691,-79.80157,NA,NA,9/13/2022 16:31,8/22/2023 18:55,10,NA,NA,VR2W,69,119681,MAP-115,NA,NA,NA,No,HAMLO,No,2023
104,HAM-043,HAM,43,7,NA,NA,43.27957,-79.8915,NA,NA,9/15/2022 16:38,8/16/2023 19:06,2,NA,NA,VR2W,69,121999,MAP-115,error 1 initialization occurred between deploy and recover,NA,NA,No,HAMLO,No,2023
105,HAM-048,HAM,48,7,NA,NA,43.27311,-79.88506,NA,NA,9/15/2022 17:08,8/16/2023 19:59,2.5,NA,NA,VR2W,69,132820,MAP-115,NA,NA,NA,No,HAMLO,No,2023
106,HAM-041,HAM,41,9,NA,NA,43.2767,-79.83893,NA,NA,9/15/2022 17:28,8/16/2023 15:50,NA,NA,NA,VR2W,69,133001,MAP-115,NA,NA,NA,No,HAMLO,No,2023
107,HAM-009,HAM,9,12,NA,NA,43.28036,-79.80383,NA,NA,9/15/2022 17:57,8/16/2023 14:57,13,NA,NA,VR2W,69,127827,MAP-115,NA,NA,NA,No,HAMLO,No,2023
108,HAM-034,HAM,34,11,NA,NA,43.27142,-79.80812,NA,NA,9/15/2022 18:13,8/16/2023 15:25,1.6,NA,NA,VR2W,69,121993,MAP-115,NA,NA,NA,No,HAMLO,No,2023
109,HAM-046,HAM,46,8,NA,NA,43.30771,-79.82588,NA,NA,9/15/2022 18:34,8/16/2023 14:20,2,NA,NA,VR2W,69,132997,MAP-115,NA,NA,NA,No,HAMLO,No,2023
110,HAM-047,HAM,47,7,NA,NA,43.30267,-79.83991,NA,NA,9/15/2022 18:47,8/16/2023 14:20,1.5,NA,NA,VR2W,69,121988,MAP-115,NA,NA,NA,No,HAMLO,No,2023
111,HAM-012,HAM,12,11,NA,NA,43.30048,-79.80591,NA,NA,9/15/2022 19:10,8/22/2023 18:30,8,NA,NA,VR2W,69,131525,MAP-115,NA,NA,NA,No,HAMLO,No,2023
112,HAM-032,HAM,32,10,NA,NA,43.27973,-79.89346,NA,NA,9/28/2022 14:00,10/6/2023 17:20,1.9,NA,NA,VR2W,69,127839,MAP-115,error 1 initialization occurred between deploy and recover,NA,NA,No,HAMLO,No,2023
113,HAM-033,HAM,33,7,NA,NA,43.29208,-79.88394,NA,NA,9/28/2022 18:20,4/4/2023 18:40,0.8,NA,NA,VR2W,69,127828,MAP-115,NA,NA,NA,No,HAMLO,No,2023
114,HAM-029,HAM,29,9,NA,NA,43.28936,-79.88731,NA,NA,9/28/2022 18:57,4/4/2023 18:22,1,NA,NA,VR2W,69,132818,MAP-115,NA,NA,NA,No,HAMLO,No,2023
115,HAM-067,HAM,67,4,NA,NA,43.29409,-79.87926,NA,NA,9/28/2022 20:09,4/4/2023 20:02,0.8,NA,NA,VR2W,69,137957,MAP-115,NA,NA,NA,No,HAMLO,No,2023
116,HAM-035,HAM,35,7,NA,NA,43.26228,-79.77238,NA,NA,10/18/2022 14:59,10/6/2023 19:35,2,NA,NA,VR2W,69,131522,MAP-115,error 1 initialization occurred between deploy and recover,NA,NA,No,HAMLO,No,2023
117,HAM-030,HAM,30,9,NA,NA,43.27192,-79.92519,NA,NA,10/18/2022 16:13,10/6/2023 18:20,NA,NA,NA,VR2W,69,132999,MAP-115,NA,NA,NA,No,HAMLO,No,2023
118,HAM-077,HAM,77,1,NA,NA,43.28064,-79.8693,NA,NA,11/3/2022 16:03,7/10/2023 15:42,NA,NA,NA,VR2AR,69,548254,MAP-115,NA,NA,NA,No,HAMLO,No,2022
119,HAM-077,HAM,77,1,NA,NA,43.28064,-79.8693,NA,NA,11/3/2022 16:03,7/10/2023 15:42,NA,NA,NA,VR2AR,69,548254,MAP-115,NA,NA,NA,No,HAMLO,No,2023
120,HAM-076,HAM,76,1,NA,NA,43.28368,-79.87139,NA,NA,11/3/2022 16:09,7/10/2023 16:49,NA,NA,NA,VR2AR,69,548251,MAP-115,NA,NA,NA,No,HAMLO,No,2022
121,HAM-076,HAM,76,1,NA,NA,43.28368,-79.87139,NA,NA,11/3/2022 16:09,7/10/2023 16:49,NA,NA,NA,VR2AR,69,548251,MAP-115,NA,NA,NA,No,HAMLO,No,2023
122,HAM-075,HAM,75,1,NA,NA,43.28577,-79.8707,NA,NA,11/3/2022 16:20,7/10/2023 17:00,NA,NA,NA,VR2AR,69,548265,MAP-115,NA,NA,NA,No,HAMLO,No,2022
123,HAM-075,HAM,75,1,NA,NA,43.28577,-79.8707,NA,NA,11/3/2022 16:20,7/10/2023 17:00,NA,NA,NA,VR2AR,69,548265,MAP-115,NA,NA,NA,No,HAMLO,No,2023
124,HAM-074,HAM,74,1,NA,NA,43.28268,-79.87783,NA,NA,11/3/2022 16:27,7/10/2023 16:37,NA,NA,NA,VR2AR,69,548253,MAP-115,NA,NA,NA,No,HAMLO,No,2022
125,HAM-074,HAM,74,1,NA,NA,43.28268,-79.87783,NA,NA,11/3/2022 16:27,7/10/2023 16:37,NA,NA,NA,VR2AR,69,548253,MAP-115,NA,NA,NA,No,HAMLO,No,2023
126,HAM-073,HAM,73,1,NA,NA,43.28003,-79.88284,NA,NA,11/3/2022 16:33,7/10/2023 16:25,NA,NA,NA,VR2AR,69,548241,MAP-115,NA,NA,NA,No,HAMLO,No,2022
127,HAM-073,HAM,73,1,NA,NA,43.28003,-79.88284,NA,NA,11/3/2022 16:33,7/10/2023 16:25,NA,NA,NA,VR2AR,69,548241,MAP-115,NA,NA,NA,No,HAMLO,No,2023
128,HAM-072,HAM,72,1,NA,NA,43.27815,-79.88745,NA,NA,11/3/2022 16:37,7/10/2023 16:13,NA,NA,NA,VR2AR,69,548262,MAP-115,NA,NA,NA,No,HAMLO,No,2022
129,HAM-072,HAM,72,1,NA,NA,43.27815,-79.88745,NA,NA,11/3/2022 16:37,7/10/2023 16:13,NA,NA,NA,VR2AR,69,548262,MAP-115,NA,NA,NA,No,HAMLO,No,2023
130,HAM-079,HAM,79,1,NA,NA,43.27475,-79.88547,NA,NA,11/3/2022 16:41,6/23/2023 17:36,NA,NA,NA,VR2AR,69,548255,MAP-115,NA,NA,NA,No,HAMLO,No,2022
131,HAM-079,HAM,79,1,NA,NA,43.27475,-79.88547,NA,NA,11/3/2022 16:41,6/23/2023 17:36,NA,NA,NA,VR2AR,69,548255,MAP-115,NA,NA,NA,No,HAMLO,No,2023
132,HAM-078,HAM,78,1,NA,NA,43.27774,-79.87807,NA,NA,11/3/2022 16:57,7/10/2023 15:56,NA,NA,NA,VR2AR,69,548276,MAP-115,NA,NA,NA,No,HAMLO,No,2022
133,HAM-078,HAM,78,1,NA,NA,43.27774,-79.87807,NA,NA,11/3/2022 16:57,7/10/2023 15:56,NA,NA,NA,VR2AR,69,548276,MAP-115,NA,NA,NA,No,HAMLO,No,2023
134,HAM-037,HAM,37,7,NA,NA,43.2789,-79.88599,NA,NA,11/23/2022 16:15,12/1/2023 15:30,4.9,NA,NA,VR2W,69,119693,MAP-115,NA,NA,NA,No,HAMLO,No,2023
135,HAM-028,HAM,28,10,NA,NA,43.27556,-79.88082,NA,NA,11/29/2022 15:30,12/1/2023 15:00,8,NA,NA,VR2W,69,126878,MAP-115,NA,NA,NA,No,HAMLO,No,2023
136,HAM-007,HAM,7,10,NA,NA,43.30139,-79.83917,NA,NA,11/29/2022 16:35,12/1/2023 16:00,9,NA,NA,VR2W,69,126879,MAP-115,NA,NA,NA,No,HAMLO,No,2023
137,HAM-004,HAM,4,9,NA,NA,43.28667,-79.84556,NA,NA,11/29/2022 19:30,11/24/2023 16:10,23,NA,NA,VR2W,69,131524,MAP-115,NA,NA,NA,No,HAMLO,No,2023
138,HAM-002,HAM,2,10,NA,NA,43.28528,-79.79556,NA,NA,12/2/2022 15:05,11/20/2023 19:20,22.4,NA,NA,VR2W,69,127833,MAP-115,NA,NA,NA,No,HAMLO,No,2023
139,HAM-001,HAM,1,10,NA,NA,43.30537,-79.82082,NA,NA,12/7/2022 14:40,11/23/2023 18:30,11,NA,NA,VR2W,69,127832,MAP-115,NA,NA,NA,No,HAMLO,No,2023
140,HAM-027,HAM,27,10,NA,NA,43.27924,-79.87457,NA,NA,12/7/2022 15:20,11/24/2023 15:00,10,NA,NA,VR2W,69,124715,MAP-115,NA,NA,NA,No,HAMLO,No,2023
141,HAM-061,HAM,61,4,NA,NA,43.29015,-79.88239,NA,NA,4/4/2023 17:55,11/23/2023 5:00,NA,NA,NA,VR2W,69,137954,Generation 2,NA,NA,NA,Yes,HAMLO,No,2023
142,HAM-068,HAM,68,2,NA,NA,43.28968,-79.88512,NA,NA,4/4/2023 18:01,11/21/2023 19:30,NA,NA,NA,VR2W,69,119662,MAP-115,NA,NA,NA,Yes,HAMLO,No,2023
143,HAM-060,HAM,60,4,NA,NA,43.29029,-79.88518,NA,NA,4/4/2023 19:11,11/21/2023 18:30,NA,NA,NA,VR2W-Tx,69,481721,Generation 2,NA,NA,NA,Yes,HAMLO,No,2023
144,HAM-062,HAM,62,4,NA,NA,43.29041,-79.88652,NA,NA,4/4/2023 19:15,11/22/2023 5:00,NA,NA,NA,VR2W,69,127847,MAP-115,NA,NA,NA,Yes,HAMLO,No,2023
145,HAM-066,HAM,66,4,NA,NA,43.29282,-79.88101,NA,NA,4/4/2023 19:35,12/1/2023 5:00,NA,NA,NA,VR2W,69,133002,MAP-115,NA,NA,NA,Yes,HAMLO,No,2023
146,HAM-059,HAM,59,4,NA,NA,43.29481,-79.87588,NA,NA,4/4/2023 20:45,11/16/2023 5:00,NA,NA,NA,VR2W,69,127843,MAP-115,NA,NA,NA,Yes,HAMLO,No,2023
147,HAM-044,HAM,44,6,NA,NA,43.27636,-79.90489,NA,NA,4/28/2023 15:50,10/5/2023 17:14,0.96,NA,NA,VR2W,69,127840,MAP-115,NA,NA,NA,Yes,HAMLO,No,2023
148,HAM-042,HAM,42,7,NA,NA,43.26864,-79.93536,NA,NA,4/28/2023 16:13,3/27/2024 14:30,1.56,NA,NA,VR2W,69,127850,MAP-115,NA,NA,NA,No,HAMLO,No,2023
149,HAM-042,HAM,42,7,NA,NA,43.26864,-79.93536,NA,NA,4/28/2023 16:13,3/27/2024 14:30,1.56,NA,NA,VR2W,69,127850,MAP-115,NA,NA,NA,No,HAMLO,No,2024
150,HAM-079,HAM,79,2,NA,NA,43.27447,-79.88546,NA,NA,6/23/2023 18:08,6/26/2024 13:02,4.8,NA,NA,VR2AR,69,547996,Generation-2,NA,NA,NA,No,HAMLO,No,2024
151,HAM-003,HAM,3,11,NA,NA,43.29504,-79.796895,NA,NA,7/10/2023 14:44,6/13/2024 13:00,2.2,NA,NA,VR2AR,69,547993,Generation-2,NA,NA,NA,No,HAMLO,No,2024
152,HAM-021,HAM,21,10,NA,NA,43.28578,-79.82647,NA,NA,7/10/2023 15:10,6/13/2024 14:00,16.9,NA,NA,VR2AR,69,549115,Generation-2,NA,NA,NA,No,HAMLO,No,2024
153,HAM-085,HAM,85,1,NA,NA,43.27843,-79.8619,NA,NA,7/10/2023 15:23,6/13/2024 16:00,10,NA,NA,VR2AR,69,552977,Generation-2,NA,NA,NA,No,HAMLO,No,2023
154,HAM-085,HAM,85,1,NA,NA,43.27843,-79.8619,NA,NA,7/10/2023 15:23,6/13/2024 16:00,10,NA,NA,VR2AR,69,552977,Generation-2,NA,NA,NA,No,HAMLO,No,2024
155,HAM-005,HAM,5,10,NA,NA,43.28102,-79.86579,NA,NA,7/10/2023 15:35,6/13/2024 15:03,13.6,NA,NA,VR2AR,69,549114,Generation-2,NA,NA,NA,No,HAMLO,No,2024
156,HAM-077,HAM,77,2,NA,NA,43.28064,-79.8693,NA,NA,7/10/2023 15:45,6/13/2024 16:27,13,NA,NA,VR2AR,69,549107,Generation-2,NA,NA,NA,No,HAMLO,No,2024
157,HAM-078,HAM,78,2,NA,NA,43.27774,-79.87807,NA,NA,7/10/2023 16:05,6/26/2024 14:38,10.1,NA,NA,VR2AR,69,549109,Generation-2,NA,NA,NA,No,HAMLO,No,2024
158,HAM-072,HAM,72,2,NA,NA,43.27815,-79.88745,NA,NA,7/10/2023 16:18,6/13/2024 17:30,4.3,NA,NA,VR2AR,69,548254,Generation-2,NA,NA,NA,No,HAMLO,No,2024
159,HAM-073,HAM,73,2,NA,NA,43.28003,-79.88284,NA,NA,7/10/2023 16:30,6/13/2024 17:20,6,NA,NA,VR2AR,69,548276,Generation-2,NA,NA,NA,No,HAMLO,No,2024
160,HAM-074,HAM,74,2,NA,NA,43.28268,-79.87783,NA,NA,7/10/2023 16:42,6/13/2024 17:09,9.4,NA,NA,VR2AR,69,548262,Generation-2,NA,NA,NA,No,HAMLO,No,2024
161,HAM-076,HAM,76,2,NA,NA,43.28368,-79.87139,NA,NA,7/10/2023 16:54,6/13/2024 16:40,12.8,NA,NA,VR2AR,69,548241,Generation-2,NA,NA,NA,No,HAMLO,No,2024
162,HAM-075,HAM,75,2,NA,NA,43.28577,-79.8707,NA,NA,7/10/2023 17:03,6/27/2024 19:33,4.4,NA,NA,VR2AR,69,548253,Generation-2,NA,NA,NA,No,HAMLO,No,2024
163,HAM-025,HAM,25,11,NA,NA,43.30969,-79.81158,NA,NA,7/11/2023 12:51,6/12/2024 13:49,5,NA,NA,VR2AR,69,548251,Generation-2,NA,NA,NA,No,HAMLO,No,2024
164,HAM-015,HAM,15,11,NA,NA,43.29365,-79.85536,NA,NA,7/11/2023 13:22,6/13/2024 14:25,6.6,NA,NA,VR2AR,69,548265,Generation-2,NA,NA,NA,No,HAMLO,No,2024
165,HAM-023,HAM,23,12,NA,NA,43.28569,-79.86764,NA,NA,7/11/2023 13:46,6/13/2024 14:45,10.2,NA,NA,VR2AR,69,548282,Generation-2,NA,NA,NA,No,HAMLO,No,2024
166,HAM-017,HAM,17,11,NA,NA,43.29468,-79.8297,NA,NA,7/11/2023 14:30,6/13/2024 14:17,19.5,NA,NA,VR2AR,69,548706,Generation-2,NA,NA,NA,No,HAMLO,No,2024
167,HAM-081,HAM,81,1,NA,NA,43.2712,-79.87804,NA,NA,7/11/2023 14:50,6/26/2024 13:20,3.3,NA,NA,VR2AR,69,552979,Generation-2,NA,NA,NA,No,HAMLO,No,2023
168,HAM-081,HAM,81,1,NA,NA,43.2712,-79.87804,NA,NA,7/11/2023 14:50,6/26/2024 13:20,3.3,NA,NA,VR2AR,69,552979,Generation-2,NA,NA,NA,No,HAMLO,No,2024
169,HAM-082,HAM,82,1,NA,NA,43.27184,-79.87547,NA,NA,7/11/2023 14:53,6/26/2024 13:40,4.7,NA,NA,VR2AR,69,552971,Generation-2,NA,NA,NA,No,HAMLO,No,2023
170,HAM-082,HAM,82,1,NA,NA,43.27184,-79.87547,NA,NA,7/11/2023 14:53,6/26/2024 13:40,4.7,NA,NA,VR2AR,69,552971,Generation-2,NA,NA,NA,No,HAMLO,No,2024
171,HAM-022,HAM,22,12,NA,NA,43.30235,-79.79037,NA,NA,8/14/2023 19:52,6/26/2024 18:50,5.6,NA,NA,VR2AR,69,548631,Generation-2,NA,NA,NA,No,HAMLO,No,2024
172,HAM-058,HAM,58,7,NA,NA,43.31292,-79.8061,NA,NA,8/16/2023 13:50,8/8/2024 19:15,NA,NA,NA,VR2W,69,124717,MAP-115,NA,NA,NA,No,HAMLO,No,2024
173,HAM-046,HAM,46,9,NA,NA,43.30771,-79.82588,NA,NA,8/16/2023 14:20,8/23/2024 16:30,NA,NA,NA,VR2W,69,132997,MAP-115,NA,NA,NA,No,HAMLO,No,2024
174,HAM-034,HAM,34,12,NA,NA,43.27142,-79.80812,NA,NA,8/16/2023 15:25,8/8/2024 15:20,NA,NA,NA,VR2W,69,121993,MAP-115,NA,NA,NA,No,HAMLO,No,2024
175,HAM-041,HAM,41,10,NA,NA,43.2767,-79.83893,NA,NA,8/16/2023 15:50,8/23/2024 15:30,NA,NA,NA,VR2W,69,133001,MAP-115,NA,NA,NA,No,HAMLO,No,2024
176,HAM-047,HAM,47,8,NA,NA,43.30267,-79.83991,NA,NA,8/16/2023 17:27,8/23/2024 16:11,NA,NA,NA,VR2W,69,121988,MAP-115,NA,NA,NA,No,HAMLO,No,2024
177,HAM-063,HAM,63,6,NA,NA,43.2822,-79.88451,NA,NA,8/16/2023 18:18,8/23/2024 14:26,NA,NA,NA,VR2W,69,127827,MAP-115,error 1 initialization occurred between deploy and recover,NA,NA,No,HAMLO,No,2023
178,HAM-063,HAM,63,6,NA,NA,43.2822,-79.88451,NA,NA,8/16/2023 18:18,8/23/2024 14:26,NA,NA,NA,VR2W,69,127827,MAP-115,error 1 initialization occurred between deploy and recover,NA,NA,No,HAMLO,No,2024
179,HAM-043,HAM,43,8,NA,NA,43.27957,-79.8915,NA,NA,8/16/2023 19:06,8/27/2024 14:51,NA,NA,NA,VR2W,69,121999,MAP-115,NA,NA,NA,No,HAMLO,No,2024
180,HAM-071,HAM,71,1,NA,NA,43.28121,-79.88821,NA,NA,8/16/2023 19:28,6/13/2024 17:57,NA,NA,NA,VR2AR,69,549116,Generation-2,NA,NA,NA,No,HAMLO,No,2023
181,HAM-071,HAM,71,1,NA,NA,43.28121,-79.88821,NA,NA,8/16/2023 19:28,6/13/2024 17:57,NA,NA,NA,VR2AR,69,549116,Generation-2,NA,NA,NA,No,HAMLO,No,2024
182,HAM-070,HAM,70,1,NA,NA,43.28605,-79.88826,NA,NA,8/16/2023 19:38,8/23/2024 15:07,NA,NA,NA,VR2W,69,481800,Generation-2,NA,NA,NA,Yes,HAMLO,No,2023
183,HAM-070,HAM,70,1,NA,NA,43.28605,-79.88826,NA,NA,8/16/2023 19:38,8/23/2024 15:07,NA,NA,NA,VR2W,69,481800,Generation-2,NA,NA,NA,Yes,HAMLO,No,2024
184,HAM-013,HAM,13,11,NA,NA,43.29691,-79.80157,NA,NA,8/22/2023 19:30,8/8/2024 16:23,NA,NA,NA,VR2W,69,131525,MAP-115,NA,NA,NA,No,HAMLO,No,2024
185,HAM-084,HAM,84,1,NA,NA,43.27551,-79.87173,NA,NA,9/14/2023 15:53,6/26/2024 14:14,NA,NA,NA,VR2AR,69,548274,Generation-2,NA,NA,NA,No,HAMLO,No,2023
186,HAM-084,HAM,84,1,NA,NA,43.27551,-79.87173,NA,NA,9/14/2023 15:53,6/26/2024 14:14,NA,NA,NA,VR2AR,69,548274,Generation-2,NA,NA,NA,No,HAMLO,No,2024
187,HAM-083,HAM,83,1,NA,NA,43.27432,-79.87759,NA,NA,9/14/2023 15:56,6/27/2024 20:00,NA,NA,NA,VR2AR,69,552974,Generation-2,NA,NA,NA,No,HAMLO,No,2023
188,HAM-083,HAM,83,1,NA,NA,43.27432,-79.87759,NA,NA,9/14/2023 15:56,6/27/2024 20:00,NA,NA,NA,VR2AR,69,552974,Generation-2,NA,NA,NA,No,HAMLO,No,2024
189,HAM-036,HAM,36,12,NA,NA,43.27139,-79.8695,NA,NA,9/14/2023 16:22,9/3/2024 19:05,NA,NA,NA,VR2W,69,131493,MAP-114,NA,NA,NA,No,HAMLO,No,2024
190,HAM-051,HAM,51,8,NA,NA,43.26976,-79.87317,NA,NA,9/14/2023 16:50,7/31/2024 17:20,NA,NA,NA,VR2W,69,121991,MAP-115,NA,NA,NA,No,HAMLO,No,2024
191,HAM-011,HAM,11,9,NA,NA,43.2773,-79.8669,NA,NA,9/14/2023 17:32,7/31/2024 13:55,NA,NA,NA,VR2W,69,119711,MAP-115,NA,NA,NA,No,HAMLO,No,2024
192,HAM-053,HAM,53,9,NA,NA,43.2759,-79.86333,NA,NA,9/14/2023 18:45,7/31/2024 14:45,NA,NA,NA,VR2W,69,133111,MAP-115,NA,NA,NA,No,HAMLO,No,2024
193,HAM-032,HAM,32,11,NA,NA,43.27973,-79.89346,NA,NA,10/6/2023 17:25,10/31/2024 12:52,NA,NA,NA,VR2W,69,131523,MAP-115,NA,NA,NA,No,HAMLO,No,2024
194,HAM-030,HAM,30,10,NA,NA,43.27192,-79.92519,NA,NA,10/6/2023 18:25,10/31/2024 14:30,NA,NA,NA,VR2W,69,127828,MAP-115,NA,NA,NA,No,HAMLO,No,2024
195,HAM-035,HAM,35,8,NA,NA,43.26228,-79.77238,NA,NA,10/6/2023 19:35,9/3/2024 18:30,NA,NA,NA,VR2W,69,137956,Generation-2,NA,NA,NA,No,HAMLO,No,2024
196,HAM-001,HAM,1,11,NA,NA,43.30537,-79.82082,NA,NA,12/1/2023 15:45,12/2/2024 17:46,11,NA,NA,VR2W,69,127832,Generation-2,NA,NA,NA,No,HAMLO,No,2024
197,HAM-027,HAM,27,11,NA,NA,43.27861,-79.87556,NA,NA,12/1/2023 16:25,12/2/2024 16:30,10,NA,NA,VR2W,69,124715,Generation-2,NA,NA,NA,No,HAMLO,No,2024
198,HAM-004,HAM,4,10,NA,NA,43.28667,-79.84556,NA,NA,12/1/2023 17:35,11/18/2024 15:24,23,NA,NA,VR2W,69,131524,Generation-2,NA,NA,NA,No,HAMLO,No,2024
199,HAM-002,HAM,2,11,NA,NA,43.28528,-79.79556,NA,NA,12/1/2023 18:15,12/2/2024 15:38,22.4,NA,NA,VR2W,69,127833,Generation-2,NA,NA,NA,No,HAMLO,No,2024
200,HAM-007,HAM,7,11,NA,NA,43.30145,-79.83985,NA,NA,12/5/2023 15:00,12/3/2024 16:30,8.8,NA,NA,VR2W,69,126879,Generation-2,NA,NA,NA,No,HAMLO,No,2024
201,HAM-028,HAM,28,11,NA,NA,43.27508,-79.88077,NA,NA,12/5/2023 15:45,12/3/2024 15:55,8,NA,NA,VR2W,69,126878,Generation-2,NA,NA,NA,No,HAMLO,No,2024
202,HAM-037,HAM,37,8,NA,NA,43.27886,-79.88536,NA,NA,12/5/2023 16:15,6/10/2025 15:10,4.9,NA,NA,VR2W,69,119693,Generation-2,NA,NA,NA,No,HAMLO,No,2024
203,HAM-037,HAM,37,8,NA,NA,43.27886,-79.88536,NA,NA,12/5/2023 16:15,6/10/2025 15:10,4.9,NA,NA,VR2W,69,119693,Generation-2,NA,NA,NA,No,HAMLO,No,2025
204,HAM-029,HAM,29,11,NA,NA,43.28936,-79.88731,NA,NA,12/20/2023 18:25,3/7/2024 17:30,1,NA,NA,VR2W,69,132818,MAP-115,NA,NA,NA,No,HAMLO,No,2024
205,HAM-033,HAM,33,9,NA,NA,43.29215,-79.88395,NA,NA,12/20/2023 18:55,3/7/2024 18:40,NA,NA,NA,VR2W-Tx,69,487629,Generation-2,NA,NA,NA,No,HAMLO,No,2024
206,HAM-067,HAM,67,6,NA,NA,43.29417,-79.87926,NA,NA,3/7/2024 16:18,8/26/2024 16:40,0.7,NA,NA,VR2W,69,132999,Generation-2,NA,NA,NA,Yes,HAMLO,No,2024
207,HAM-059,HAM,59,5,NA,NA,43.29498,-79.87552,NA,NA,3/7/2024 16:49,8/26/2024 17:38,0.6,NA,NA,VR2W,69,127843,Generation-2,NA,NA,NA,Yes,HAMLO,No,2024
208,HAM-066,HAM,66,5,NA,NA,43.29283,-79.88119,NA,NA,3/7/2024 17:20,8/26/2024 16:30,0.2,NA,NA,VR2W,69,133002,Generation-2,NA,NA,NA,Yes,HAMLO,No,2024
209,HAM-061,HAM,61,5,NA,NA,43.29,-79.88234,NA,NA,3/7/2024 18:18,8/22/2024 16:11,0.55,NA,NA,VR2W,69,127847,Generation-2,NA,NA,NA,Yes,HAMLO,No,2024
210,HAM-087,HAM,87,1,NA,NA,43.29413,-79.88175,NA,NA,3/7/2024 18:55,8/26/2024 17:10,0.5,NA,NA,VR2W-Tx,69,487623,Generation-2,NA,NA,NA,Yes,HAMLO,No,2024
211,HAM-062,HAM,62,5,NA,NA,43.29042,-79.88627,NA,NA,3/7/2024 19:14,11/18/2024 5:00,0.85,NA,NA,VR2W,69,107321,Generation-2,NA,NA,NA,Yes,HAMLO,No,2024
212,HAM-068,HAM,68,3,NA,NA,43.28972,-79.88528,NA,NA,3/7/2024 19:28,8/22/2024 14:12,0.6,NA,NA,VR2W,69,119662,Generation-2,NA,NA,NA,Yes,HAMLO,No,2024
213,HAM-095,HAM,95,1,NA,NA,43.27225,-79.90253,NA,NA,3/13/2024 14:24,9/4/2024 14:13,0.73,NA,NA,VR2W,69,127839,Generation-2,NA,NA,NA,Yes,HAMLO,No,2024
214,HAM-094,HAM,94,1,NA,NA,43.27214,-79.91265,NA,NA,3/13/2024 14:43,9/4/2024 14:23,0.55,NA,NA,VR2W,69,121998,Generation-2,NA,NA,NA,Yes,HAMLO,No,2024
215,HAM-093,HAM,93,1,NA,NA,43.2771,-79.91317,NA,NA,3/13/2024 15:20,8/28/2024 14:30,0.63,NA,NA,VR2W-Tx,69,481797,Generation-2,NA,NA,NA,Yes,HAMLO,No,2024
216,HAM-090,HAM,90,1,NA,NA,43.27361,-79.92039,NA,NA,3/13/2024 15:48,8/28/2024 14:40,0.88,NA,NA,VR2W,69,137954,Generation-2,NA,NA,NA,Yes,HAMLO,No,2024
217,HAM-088,HAM,88,1,NA,NA,43.27514,-79.92065,NA,NA,3/13/2024 16:24,8/28/2024 17:00,0.75,NA,NA,VR2W,69,137957,Generation-2,NA,NA,NA,Yes,HAMLO,No,2024
218,HAM-091,HAM,91,1,NA,NA,43.27248,-79.92561,NA,NA,3/13/2024 16:45,8/7/2024 15:00,0.54,NA,NA,VR2W,69,119681,Generation-2,NA,NA,NA,Yes,HAMLO,No,2024
219,HAM-096,HAM,96,1,NA,NA,43.28358,-79.8971,NA,NA,3/13/2024 17:05,11/12/2024 17:00,0.63,NA,NA,VR2W,69,105463,Generation-2,NA,NA,NA,Yes,HAMLO,No,2024
220,HAM-089,HAM,89,1,NA,NA,43.26792,-79.92775,NA,NA,3/13/2024 18:14,8/28/2024 16:20,0.9,NA,NA,VR2W,69,132820,Generation-2,NA,NA,NA,Yes,HAMLO,No,2024
221,HAM-044,HAM,44,7,NA,NA,43.27636,-79.90489,NA,NA,3/13/2024 18:47,9/4/2024 14:19,0.41,NA,NA,VR2W-Tx,69,481801,Generation-2,NA,NA,NA,Yes,HAMLO,No,2024
222,HAM-098,HAM,98,1,NA,NA,43.27531,-79.89396,NA,NA,3/27/2024 16:11,9/4/2024 14:05,0.65,NA,NA,VR2W-Tx,69,487637,Generation-2,NA,NA,NA,Yes,HAMLO,No,2024
223,HAM-099,HAM,99,1,NA,NA,43.28157,-79.88982,NA,NA,4/5/2024 15:00,8/27/2024 14:30,NA,NA,NA,VR2W-Tx,69,481722,Generation-2,NA,NA,NA,Yes,HAMLO,No,2024
224,HAM-025,HAM,25,12,NA,NA,43.30969,-79.81158,NA,NA,6/12/2024 13:59,7/10/2025 13:33,5.1,NA,NA,VR2AR,69,552978,Generation-2,NA,NA,NA,No,HAMLO,No,2025
225,HAM-003,HAM,3,12,NA,NA,43.29504,-79.796895,NA,NA,6/13/2024 13:36,7/3/2025 14:15,15.6,NA,NA,VR2AR,69,549102,Generation-2,NA,NA,NA,No,HAMLO,No,2025
226,HAM-021,HAM,21,11,NA,NA,43.28578,-79.82647,NA,NA,6/13/2024 14:10,7/10/2025 14:00,15,NA,NA,VR2AR,69,552973,Generation-2,NA,NA,NA,No,HAMLO,No,2025
227,HAM-017,HAM,17,12,NA,NA,43.29468,-79.8297,NA,NA,6/13/2024 14:19,7/10/2025 13:48,7,NA,NA,VR2AR,69,549115,Generation-2,NA,NA,NA,No,HAMLO,No,2025
228,HAM-015,HAM,15,12,NA,NA,43.29365,-79.85536,NA,NA,6/13/2024 14:34,7/10/2025 14:16,7,NA,NA,VR2AR,69,548706,Generation-2,NA,NA,NA,No,HAMLO,No,2025
229,HAM-023,HAM,23,13,NA,NA,43.28569,-79.86764,NA,NA,6/13/2024 14:50,7/10/2025 14:53,6.7,NA,NA,VR2AR,69,548265,Generation-2,NA,NA,NA,No,HAMLO,No,2025
230,HAM-005,HAM,5,11,NA,NA,43.28102,-79.86579,NA,NA,6/13/2024 15:06,7/10/2025 14:27,13.8,NA,NA,VR2AR,69,548282,Generation-2,NA,NA,NA,No,HAMLO,No,2025
231,HAM-085,HAM,85,2,NA,NA,43.27843,-79.8619,NA,NA,6/13/2024 16:05,7/10/2025 15:59,9.8,NA,NA,VR2AR,69,549114,Generation-2,NA,NA,NA,No,HAMLO,No,2025
232,HAM-077,HAM,77,3,NA,NA,43.28064,-79.8693,NA,NA,6/13/2024 16:33,7/10/2025 14:37,12.7,NA,NA,VR2AR,69,552977,Generation-2,NA,NA,NA,No,HAMLO,No,2025
233,HAM-076,HAM,76,3,NA,NA,43.28368,-79.87139,NA,NA,6/13/2024 16:50,7/10/2025 14:46,12.9,NA,NA,VR2AR,69,549107,Generation-2,NA,NA,NA,No,HAMLO,No,2025
234,HAM-074,HAM,74,3,NA,NA,43.28268,-79.87783,NA,NA,6/13/2024 17:12,7/10/2025 15:17,9.4,NA,NA,VR2AR,69,548241,Generation-2,NA,NA,NA,No,HAMLO,No,2025
235,HAM-073,HAM,73,3,NA,NA,43.28003,-79.88284,NA,NA,6/13/2024 17:28,7/10/2025 15:30,3.8,NA,NA,VR2AR,69,548262,Generation-2,NA,NA,NA,No,HAMLO,No,2025
236,HAM-072,HAM,72,3,NA,NA,43.27815,-79.88745,NA,NA,6/13/2024 17:48,7/3/2025 15:51,4.3,NA,NA,VR2AR,69,548276,Generation-2,NA,NA,NA,No,HAMLO,No,2025
237,HAM-079,HAM,79,3,NA,NA,43.27447,-79.88546,NA,NA,6/26/2024 13:13,7/10/2025 15:42,4,NA,NA,VR2AR,69,552976,Generation-2,NA,NA,NA,No,HAMLO,No,2025
238,HAM-081,HAM,81,2,NA,NA,43.2712,-79.87804,NA,NA,6/26/2024 13:44,7/23/2025 14:02,3.1,NA,NA,VR2AR,69,547996,Generation-2,NA,NA,NA,No,HAMLO,No,2025
239,HAM-082,HAM,82,2,NA,NA,43.27184,-79.87547,NA,NA,6/26/2024 14:10,8/27/2025 14:42,3.9,NA,NA,VR2AR,69,552979,Generation-2,NA,NA,NA,No,HAMLO,No,2025
240,HAM-078,HAM,78,3,NA,NA,43.27774,-79.87807,NA,NA,6/26/2024 14:47,7/23/2025 19:05,9.7,NA,NA,VR2AR,69,548274,Generation-2,NA,NA,NA,No,HAMLO,No,2025
241,HAM-022,HAM,22,13,NA,NA,43.30235,-79.79037,NA,NA,6/26/2024 18:53,7/30/2025 19:01,6,NA,NA,VR2AR,69,548275,Generation-2,NA,NA,NA,No,HAMLO,No,2025
242,HAM-075,HAM,75,3,NA,NA,43.28577,-79.8707,NA,NA,6/27/2024 19:36,7/10/2025 15:05,4.2,NA,NA,VR2AR,69,548243,Generation-2,NA,NA,NA,No,HAMLO,No,2025
243,HAM-084,HAM,84,2,NA,NA,43.27551,-79.87173,NA,NA,6/27/2024 19:38,7/23/2025 14:29,9.4,NA,NA,VR2AR,69,548253,Generation-2,error 1 initialization occurred between deploy and recover,NA,NA,No,HAMLO,No,2025
244,HAM-083,HAM,83,2,NA,NA,43.27432,-79.87759,NA,NA,6/27/2024 20:08,7/23/2025 14:19,8.1,NA,NA,VR2AR,69,552971,Generation-2,NA,NA,NA,No,HAMLO,No,2025
245,HAM-080,HAM,80,1,NA,NA,43.27191,-79.88202,NA,NA,6/27/2024 20:15,7/23/2025 19:49,4.6,NA,NA,VR2AR,69,552974,Generation-2,NA,NA,NA,No,HAMLO,No,2024
246,HAM-080,HAM,80,1,NA,NA,43.27191,-79.88202,NA,NA,6/27/2024 20:15,7/23/2025 19:49,4.6,NA,NA,VR2AR,69,552974,Generation-2,NA,NA,NA,No,HAMLO,No,2025
247,HAM-011,HAM,11,10,NA,NA,43.2773,-79.8669,NA,NA,7/31/2024 13:58,8/1/2025 12:50,NA,NA,NA,VR2W,69,119711,Generation-2,NA,NA,NA,No,HAMLO,No,2025
248,HAM-053,HAM,53,10,NA,NA,43.2759,-79.86333,NA,NA,7/31/2024 14:48,8/1/2025 14:00,NA,NA,NA,VR2W,69,133111,Generation-2,NA,NA,NA,No,HAMLO,No,2025
249,HAM-051,HAM,51,9,NA,NA,43.26976,-79.87317,NA,NA,7/31/2024 17:22,4/25/2025 14:30,NA,NA,NA,VR2W,69,121991,Generation-2,error 1 initialization occurred between deploy and recover,NA,NA,No,HAMLO,No,2025
250,HAM-034,HAM,34,13,NA,NA,43.27142,-79.80812,NA,NA,8/8/2024 15:40,8/6/2025 15:50,NA,NA,NA,VR2W,69,121993,Generation-2,NA,NA,NA,No,HAMLO,No,2025
251,HAM-058,HAM,58,8,NA,NA,43.31292,-79.8061,NA,NA,8/8/2024 19:19,8/1/2025 16:20,NA,NA,NA,VR2W,69,124717,Generation-2,NA,NA,NA,No,HAMLO,No,2025
252,HAM-029,HAM,29,13,NA,NA,43.28936,-79.88731,NA,NA,8/22/2024 13:45,4/11/2025 19:05,1,NA,NA,VR2W-Tx,69,481683,Generation-2,NA,NA,NA,No,HAMLO,No,2025
253,HAM-033,HAM,33,11,NA,NA,43.29215,-79.88395,NA,NA,8/22/2024 15:30,8/28/2025 15:15,0.7,NA,NA,VR2W-Tx,69,487630,Generation-2,NA,NA,NA,No,HAMLO,No,2025
254,HAM-063,HAM,63,7,NA,NA,43.2822,-79.88451,NA,NA,8/23/2024 14:28,8/1/2025 15:50,1.5,NA,NA,VR2W,69,127827,Generation-2,error 1 initialization occurred between deploy and recover,NA,NA,No,HAMLO,No,2025
255,HAM-041,HAM,41,11,NA,NA,43.2767,-79.83893,NA,NA,8/23/2024 15:35,8/6/2025 17:00,NA,NA,NA,VR2W,69,133001,Generation-2,error 1 initialization occurred between deploy and recover,NA,NA,No,HAMLO,No,2025
256,HAM-047,HAM,47,9,NA,NA,43.30267,-79.83991,NA,NA,8/23/2024 16:14,4/1/2025 14:30,NA,NA,NA,VR2W,69,121988,Generation-2,error 1 initialization occurred between deploy and recover,NA,NA,No,HAMLO,No,2025
257,HAM-046,HAM,46,10,NA,NA,43.30771,-79.82588,NA,NA,8/23/2024 16:34,6/21/2025 4:00,NA,NA,NA,VR2W,69,132997,Generation-2,error 1 initialization occurred between deploy and recover,NA,NA,No,HAMLO,No,2025
258,HAM-043,HAM,43,9,NA,NA,43.27957,-79.8915,NA,NA,8/27/2024 14:54,8/1/2025 16:00,NA,NA,NA,VR2W,69,121999,Generation-2,NA,NA,NA,No,HAMLO,No,2025
259,HAM-035,HAM,35,9,NA,NA,43.26228,-79.77238,NA,NA,9/3/2024 18:35,8/28/2025 14:00,2,NA,NA,VR2W,69,137956,Generation-2,NA,NA,NA,No,HAMLO,No,2025
260,HAM-036,HAM,36,13,NA,NA,43.27139,-79.8695,NA,NA,9/3/2024 19:08,8/1/2025 15:30,NA,NA,NA,VR2W,69,131493,Generation-2,error 1 initialization occurred between deploy and recover,NA,NA,No,HAMLO,No,2025
261,HAM-032,HAM,32,12,NA,NA,43.27973,-79.89346,NA,NA,10/31/2024 12:55,10/2/2025 17:00,1.85,NA,NA,VR2W,69,131523,Generation-2,error 1 initialization occurred between deploy and recover,NA,NA,No,HAMLO,No,2025
262,HAM-042,HAM,42,9,NA,NA,43.26864,-79.93536,NA,NA,10/31/2024 13:50,9/26/2025 17:05,1.1,NA,NA,VR2W,69,127850,Generation-2,NA,NA,NA,No,HAMLO,No,2025
263,HAM-030,HAM,30,11,NA,NA,43.27192,-79.92519,NA,NA,10/31/2024 14:35,10/2/2025 14:30,NA,NA,NA,VR2W,69,127828,MAP-115,NA,NA,NA,No,HAMLO,No,2025
264,HAM-028,HAM,28,12,NA,NA,43.27508,-79.88077,NA,NA,12/9/2024 5:07,11/25/2025 14:00,8,NA,NA,VR2W,69,126878,Generation-2,NA,NA,NA,No,HAMLO,No,2025
265,HAM-027,HAM,27,12,NA,NA,43.27861,-79.87556,NA,NA,12/9/2024 16:43,11/25/2025 14:00,11.4,NA,NA,VR2W,69,124715,Generation-2,NA,NA,NA,No,HAMLO,No,2025
266,HAM-004,HAM,4,11,NA,NA,43.28667,-79.84556,NA,NA,12/9/2024 17:45,11/25/2025 14:00,23,NA,NA,VR2W,69,131524,Generation-2,NA,NA,NA,No,HAMLO,No,2025
267,HAM-002,HAM,2,12,NA,NA,43.28528,-79.79556,NA,NA,12/10/2024 15:10,11/24/2025 14:00,22,NA,NA,VR2W,69,127833,Generation-2,NA,NA,NA,No,HAMLO,No,2025
268,HAM-067,HAM,67,8,NA,NA,43.29422,-79.87928,NA,NA,4/11/2025 14:55,9/8/2025 14:12,1.2,0.5,0.5,VR2W,69,132820,Generation-2,NA,NA,NA,Yes,HAMLO,No,2025
269,HAM-059,HAM,59,7,NA,NA,43.29493,-79.87553,NA,NA,4/11/2025 15:25,8/28/2025 17:13,1,0.75,0.15,VR2W,69,119681,Generation-2,NA,NA,NA,Yes,HAMLO,No,2025
270,HAM-087,HAM,87,3,NA,NA,43.29432,-79.88198,NA,NA,4/11/2025 16:00,9/3/2025 15:30,1,0.75,0.15,VR2W-Tx,69,481800,Generation-2,NA,NA,NA,Yes,HAMLO,No,2025
271,HAM-066,HAM,66,6,NA,NA,43.29282,-79.88116,NA,NA,4/11/2025 16:10,8/28/2025 14:55,0.4,NA,NA,VR2W,69,127832,Generation-2,NA,NA,NA,Yes,HAMLO,No,2025
272,HAM-068,HAM,68,5,NA,NA,43.28975,-79.8852,NA,NA,4/11/2025 17:00,9/26/2025 13:35,0.8,0.3,0.3,VR2W,69,105463,Generation-2,NA,NA,NA,Yes,HAMLO,No,2025
273,HAM-061,HAM,61,7,NA,NA,43.28919,-79.88244,NA,NA,4/11/2025 17:21,8/28/2025 16:14,0.6,0.3,0.1,VR2W,69,121998,Generation-2,NA,NA,NA,Yes,HAMLO,No,2025
274,HAM-062,HAM,62,6,NA,NA,43.29044,-79.88634,NA,NA,4/11/2025 18:09,9/26/2025 13:35,1,0.5,0.3,VR2W,69,133002,Generation-2,NA,NA,NA,Yes,HAMLO,No,2025
275,HAM-070,HAM,70,3,NA,NA,43.28721,-79.88798,NA,NA,4/11/2025 18:45,9/26/2025 14:46,0.75,NA,NA,VR2W-Tx,69,487623,Generation-2,NA,NA,NA,Yes,HAMLO,No,2025
276,HAM-098,HAM,98,2,NA,NA,43.2752,-79.89442,NA,NA,4/17/2025 15:10,9/23/2025 16:43,1,NA,NA,VR2W-Tx,69,487637,Generation-2,NA,NA,NA,Yes,HAMLO,No,2025
277,HAM-089,HAM,89,2,NA,NA,43.26792,-79.92775,NA,NA,4/17/2025 16:20,9/26/2025 16:35,1.5,NA,0.3,VR2W,69,137957,Generation-2,NA,NA,NA,Yes,HAMLO,No,2025
278,HAM-091,HAM,91,3,NA,NA,43.27258,-79.9254,NA,NA,4/17/2025 16:45,9/26/2025 16:20,0.6,0.2,0.3,VR2W,69,127840,Generation-2,NA,NA,NA,Yes,HAMLO,No,2025
279,HAM-093,HAM,93,2,NA,NA,43.27714,-79.91316,NA,NA,4/25/2025 13:45,10/2/2025 15:30,1,0.8,10,VR2W-Tx,69,481802,Generation-2,NA,NA,NA,Yes,HAMLO,No,2025
280,HAM-088,HAM,88,2,NA,NA,43.27515,-79.9207,NA,NA,4/25/2025 14:05,10/2/2025 15:15,1,0.5,0.3,VR2W,69,119690,Generation-2,NA,NA,NA,Yes,HAMLO,No,2025
281,HAM-090,HAM,90,2,NA,NA,43.2742,-79.91723,NA,NA,4/25/2025 14:25,10/2/2025 16:00,0.9,0.3,0.45,VR2W,69,126879,Generation-2,NA,NA,NA,Yes,HAMLO,No,2025
282,HAM-044,HAM,44,8,NA,NA,43.27636,-79.90489,NA,NA,4/25/2025 14:45,9/2/2025 18:49,0.75,NA,0.3,VR2W-Tx,69,481799,Generation-2,NA,NA,NA,Yes,HAMLO,No,2025
283,HAM-094,HAM,94,2,NA,NA,43.2719,-79.91228,NA,NA,4/25/2025 15:05,9/2/2025 18:15,1,0.5,0.2,VR2W,69,119662,Generation-2,NA,NA,NA,Yes,HAMLO,No,2025
284,HAM-095,HAM,95,2,NA,NA,43.2722,-79.90237,NA,NA,4/25/2025 15:25,9/23/2025 16:29,1,0.5,0.2,VR2W,69,127847,Generation-2,NA,NA,NA,Yes,HAMLO,No,2025
285,HAM-096,HAM,96,2,NA,NA,43.2837,-79.89738,NA,NA,4/25/2025 15:40,9/23/2025 17:05,1,0.6,0.2,VR2W,69,127836,Generation-2,NA,NA,NA,Yes,HAMLO,No,2025
286,HAM-099,HAM,99,2,NA,NA,43.28173,-79.88989,NA,NA,4/28/2025 22:05,11/19/2025 16:58,1,0.2,0.6,VR2W-Tx,69,487629,Generation-2,NA,NA,NA,Yes,HAMLO,No,2025
287,HAM-045,HAM,45,7,NA,NA,43.3046,-79.80238,NA,NA,7/3/2025 14:45,11/25/2025 16:30,NA,NA,NA,VR2W,69,132999,Generation-2,NA,NA,NA,No,HAMLO,No,2025
288,HAM-013,HAM,13,13,NA,NA,43.29691,-79.80157,NA,NA,10/21/2025 15:53,10/21/2025 15:53,11.2,1.5,NA,VR2AR,69,552890,NA,code map not available (receiver currently deployed),NA,NA,No,HAMLO,No,2025
