"","station","deploy_lat","deploy_long","deploy_date_time","recover_date_time"
"1","HAM-039",43.28176,-79.85158,"2021-06-07T13:12:00Z","2022-06-09T18:23:00Z"
"2","HAM-045",43.3046,-79.80238,"2021-06-16T16:12:00Z","2022-09-01T15:45:00Z"
"3","HAM-023",43.28569,-79.86764,"2021-06-16T17:00:00Z","2022-06-09T18:51:00Z"
"4","HAM-043",43.27957,-79.8915,"2021-06-16T17:20:00Z","2022-09-15T16:38:00Z"
"5","HAM-063",43.2822,-79.88451,"2021-06-16T17:52:00Z","2022-09-15T15:59:00Z"
"6","HAM-017",43.29488,-79.82113,"2021-06-16T18:00:00Z","2022-06-09T13:32:00Z"
"7","HAM-041",43.2767,-79.83893,"2021-06-16T18:18:00Z","2022-09-15T17:28:00Z"
"8","HAM-046",43.30771,-79.82588,"2021-06-16T18:37:00Z","2022-09-15T18:34:00Z"
"9","HAM-009",43.28036,-79.80383,"2021-06-17T17:00:00Z","2021-10-08T04:00:00Z"
"10","HAM-034",43.27142,-79.80812,"2021-06-17T17:45:00Z","2022-09-15T18:13:00Z"
"11","HAM-048",43.27311,-79.88506,"2021-06-17T19:05:00Z","2022-09-15T17:08:00Z"
"12","HAM-051",43.26976,-79.87317,"2021-06-17T19:19:00Z","2022-09-09T18:16:00Z"
"13","HAM-047",43.30267,-79.83991,"2021-06-17T19:45:00Z","2022-09-15T18:47:00Z"
"14","HAM-013",43.29691,-79.80157,"2021-06-23T18:30:00Z","2022-09-13T16:31:00Z"
"15","HAM-011",43.2773,-79.8669,"2021-06-23T19:30:00Z","2022-09-07T17:27:00Z"
"16","HAM-035",43.26228,-79.77238,"2021-06-28T17:15:00Z","2022-10-18T14:59:00Z"
"17","HAM-012",43.30048,-79.80591,"2021-06-28T18:30:00Z","2022-09-15T19:10:00Z"
"18","HAM-053",43.2759,-79.86333,"2021-06-28T19:07:00Z","2022-09-08T19:10:00Z"
"19","HAM-036",43.27139,-79.8695,"2021-06-28T20:00:00Z","2022-08-03T01:13:00Z"
"20","HAM-058",43.31292,-79.8061,"2021-07-19T18:57:00Z","2022-09-01T15:25:00Z"
"21","HAM-030",43.27192,-79.92519,"2021-09-10T18:52:00Z","2022-10-18T16:13:00Z"
"22","HAM-032",43.27973,-79.89346,"2021-09-10T19:20:00Z","2022-09-28T14:00:00Z"
"23","HAM-042",43.26877,-79.9348,"2021-09-11T20:00:00Z",NA
"24","HAM-018",43.27267,-79.878,"2021-10-19T18:30:00Z","2022-06-09T19:06:00Z"
"25","HAM-015",43.29365,-79.85536,"2021-10-19T18:45:00Z","2022-06-09T19:27:00Z"
"26","HAM-005",43.28133,-79.86433,"2021-10-19T19:00:00Z","2022-06-09T18:35:00Z"
"27","HAM-021",43.28578,-79.82647,"2021-10-19T19:13:00Z","2022-06-09T17:56:00Z"
"28","HAM-003",43.29461,-79.80053,"2021-10-19T19:25:00Z","2022-06-09T17:45:00Z"
"29","HAM-025",43.30969,-79.81158,"2021-10-19T19:37:00Z","2022-06-09T13:20:00Z"
"30","HAM-001",43.30611,-79.81861,"2021-10-20T14:07:00Z","2022-11-22T17:25:00Z"
"31","HAM-002",43.28685,-79.79576,"2021-10-20T14:50:00Z","2022-11-22T16:43:00Z"
"32","HAM-007",43.30139,-79.83972,"2021-10-20T17:50:00Z","2022-11-17T16:05:00Z"
"33","HAM-009",43.28036,-79.80383,"2021-10-27T15:00:00Z","2022-09-15T17:57:00Z"
"34","HAM-004",43.28714,-79.84452,"2021-10-27T15:30:00Z","2022-11-22T15:05:00Z"
"35","HAM-028",43.27556,-79.88194,"2021-10-27T20:05:00Z","2022-11-17T15:26:00Z"
"36","HAM-037",43.2789,-79.88599,"2021-11-09T19:17:00Z","2022-11-14T18:40:00Z"
"37","HAM-019",43.27811,-79.85158,"2021-11-09T19:37:00Z","2022-11-14T19:52:00Z"
"38","HAM-006",43.30664,-79.80837,"2021-11-10T15:40:00Z","2022-11-17T16:27:00Z"
"39","HAM-066",43.29282,-79.88101,"2022-04-05T16:50:00Z","2022-09-28T19:43:00Z"
"40","HAM-067",43.29409,-79.87926,"2022-04-05T17:22:00Z","2022-09-28T20:09:00Z"
"41","HAM-059",43.29484,-79.8759,"2022-04-05T17:45:00Z","2022-09-28T20:15:00Z"
"42","HAM-061",43.29002,-79.88233,"2022-04-05T18:00:00Z","2022-09-28T18:35:00Z"
"43","HAM-033",43.29208,-79.88394,"2022-04-05T18:30:00Z","2022-09-28T18:20:00Z"
"44","HAM-060",43.29026,-79.88512,"2022-04-05T18:50:00Z","2022-09-28T18:49:00Z"
"45","HAM-062",43.29034,-79.8864,"2022-04-05T19:20:00Z","2022-11-03T15:00:00Z"
"46","HAM-068",43.28967,-79.88531,"2022-04-05T19:45:00Z","2022-09-28T18:45:00Z"
"47","HAM-029",43.28936,-79.88731,"2022-04-05T20:00:00Z","2022-09-28T18:57:00Z"
"48","HAM-025",43.30969,-79.81158,"2022-06-09T13:24:00Z","2023-07-11T12:47:00Z"
"49","HAM-017",43.29488,-79.82113,"2022-06-09T13:37:00Z","2023-07-11T14:20:00Z"
"50","HAM-003",43.29461,-79.80053,"2022-06-09T17:49:00Z","2023-07-10T14:25:00Z"
"51","HAM-021",43.28578,-79.82647,"2022-06-09T18:05:00Z","2023-07-10T15:02:00Z"
"52","HAM-039",43.28176,-79.85158,"2022-06-09T18:31:00Z","2023-06-23T16:45:00Z"
"53","HAM-005",43.28133,-79.86433,"2022-06-09T18:45:00Z","2023-07-10T15:28:00Z"
"54","HAM-023",43.28569,-79.86764,"2022-06-09T18:58:00Z","2023-07-11T13:37:00Z"
"55","HAM-018",43.27267,-79.878,"2022-06-09T19:12:00Z","2023-06-23T17:00:00Z"
"56","HAM-015",43.29365,-79.85536,"2022-06-09T19:29:00Z","2023-07-11T13:20:00Z"
"57","HAM-010",43.26856,-79.7815,"2022-06-15T13:30:00Z","2022-11-08T15:30:00Z"
"58","HAM-027",43.27361,-79.87139,"2022-07-07T18:35:00Z","2022-11-17T14:55:00Z"
"59","HAM-036",43.27139,-79.8695,"2022-08-03T01:13:00Z","2023-09-14T16:01:00Z"
"60","HAM-058",43.31292,-79.8061,"2022-09-01T15:25:00Z","2023-08-16T13:50:00Z"
"61","HAM-045",43.3046,-79.80238,"2022-09-01T15:45:00Z","2023-09-14T15:25:00Z"
"62","HAM-011",43.2773,-79.8669,"2022-09-07T17:27:00Z","2023-09-14T16:58:00Z"
"63","HAM-053",43.2759,-79.86333,"2022-09-08T19:10:00Z","2023-09-14T18:19:00Z"
"64","HAM-051",43.26976,-79.87317,"2022-09-09T18:16:00Z","2023-09-14T16:33:00Z"
"65","HAM-013",43.29691,-79.80157,"2022-09-13T16:31:00Z","2023-08-22T18:55:00Z"
"66","HAM-043",43.27957,-79.8915,"2022-09-15T16:38:00Z","2023-08-16T19:06:00Z"
"67","HAM-048",43.27311,-79.88506,"2022-09-15T17:08:00Z","2023-08-16T19:59:00Z"
"68","HAM-041",43.2767,-79.83893,"2022-09-15T17:28:00Z","2023-08-16T15:50:00Z"
"69","HAM-009",43.28036,-79.80383,"2022-09-15T17:57:00Z","2023-08-16T14:57:00Z"
"70","HAM-034",43.27142,-79.80812,"2022-09-15T18:13:00Z","2023-08-16T15:25:00Z"
"71","HAM-046",43.30771,-79.82588,"2022-09-15T18:34:00Z","2023-08-16T14:20:00Z"
"72","HAM-047",43.30267,-79.83991,"2022-09-15T18:47:00Z","2023-08-16T14:20:00Z"
"73","HAM-012",43.30048,-79.80591,"2022-09-15T19:10:00Z","2023-08-22T18:30:00Z"
"74","HAM-032",43.27973,-79.89346,"2022-09-28T14:00:00Z","2023-10-06T17:20:00Z"
"75","HAM-033",43.29208,-79.88394,"2022-09-28T18:20:00Z","2023-04-04T18:40:00Z"
"76","HAM-029",43.28936,-79.88731,"2022-09-28T18:57:00Z","2023-04-04T18:22:00Z"
"77","HAM-067",43.29409,-79.87926,"2022-09-28T20:09:00Z","2023-04-04T20:02:00Z"
"78","HAM-035",43.26228,-79.77238,"2022-10-18T14:59:00Z","2023-10-06T19:35:00Z"
"79","HAM-030",43.27192,-79.92519,"2022-10-18T16:13:00Z","2023-10-06T18:20:00Z"
"80","HAM-077",43.28064,-79.8693,"2022-11-03T16:03:00Z","2023-07-10T15:42:00Z"
"81","HAM-076",43.28368,-79.87139,"2022-11-03T16:09:00Z","2023-07-10T16:49:00Z"
"82","HAM-075",43.28577,-79.8707,"2022-11-03T16:20:00Z","2023-07-10T17:00:00Z"
"83","HAM-074",43.28268,-79.87783,"2022-11-03T16:27:00Z","2023-07-10T16:37:00Z"
"84","HAM-073",43.28003,-79.88284,"2022-11-03T16:33:00Z","2023-07-10T16:25:00Z"
"85","HAM-072",43.27815,-79.88745,"2022-11-03T16:37:00Z","2023-07-10T16:13:00Z"
"86","HAM-079",43.27475,-79.88547,"2022-11-03T16:41:00Z","2023-06-23T17:36:00Z"
"87","HAM-078",43.27774,-79.87807,"2022-11-03T16:57:00Z","2023-07-10T15:56:00Z"
"88","HAM-037",43.2789,-79.88599,"2022-11-23T16:15:00Z","2023-12-01T15:30:00Z"
"89","HAM-028",43.27556,-79.88082,"2022-11-29T15:30:00Z","2023-12-01T15:00:00Z"
"90","HAM-007",43.30139,-79.83917,"2022-11-29T16:35:00Z","2023-12-01T16:00:00Z"
"91","HAM-004",43.28639,-79.84778,"2022-11-29T19:30:00Z","2023-11-24T16:10:00Z"
"92","HAM-002",43.2869,-79.79491,"2022-12-02T15:05:00Z","2023-11-20T19:20:00Z"
"93","HAM-001",43.30537,-79.82082,"2022-12-07T14:40:00Z","2023-11-23T18:30:00Z"
"94","HAM-027",43.27924,-79.87457,"2022-12-07T15:20:00Z","2023-11-24T15:00:00Z"
"95","HAM-061",43.29015,-79.88239,"2023-04-04T17:55:00Z","2023-11-23T05:00:00Z"
"96","HAM-068",43.28968,-79.88512,"2023-04-04T18:01:00Z","2023-11-21T19:30:00Z"
"97","HAM-029",43.28936,-79.88731,"2023-04-04T18:22:00Z","2023-12-20T18:20:00Z"
"98","HAM-033",43.29215,-79.88395,"2023-04-04T18:40:00Z","2023-12-20T18:50:00Z"
"99","HAM-060",43.29029,-79.88518,"2023-04-04T19:11:00Z","2023-11-21T18:30:00Z"
"100","HAM-062",43.29041,-79.88652,"2023-04-04T19:15:00Z","2023-11-22T05:00:00Z"
"101","HAM-066",43.29282,-79.88101,"2023-04-04T19:35:00Z","2023-12-01T05:00:00Z"
"102","HAM-067",43.29409,-79.87926,"2023-04-04T20:02:00Z","2023-11-21T19:20:00Z"
"103","HAM-059",43.29481,-79.87588,"2023-04-04T20:45:00Z","2023-11-16T05:00:00Z"
"104","HAM-044",43.27597,-79.90658,"2023-04-28T15:50:00Z","2023-10-05T17:14:00Z"
"105","HAM-042",43.26864,-79.93536,"2023-04-28T16:13:00Z","2024-03-27T14:30:00Z"
"106","HAM-079",43.27447,-79.88546,"2023-06-23T18:08:00Z","2024-06-26T13:02:00Z"
"107","HAM-003",43.29504,-79.79685,"2023-07-10T14:44:00Z","2024-06-13T13:00:00Z"
"108","HAM-021",43.28578,-79.82647,"2023-07-10T15:10:00Z","2024-06-13T14:00:00Z"
"109","HAM-085",43.27843,-79.8619,"2023-07-10T15:23:00Z","2024-06-13T16:00:00Z"
"110","HAM-005",43.28102,-79.86579,"2023-07-10T15:35:00Z","2024-06-13T15:03:00Z"
"111","HAM-077",43.28064,-79.8693,"2023-07-10T15:45:00Z","2024-06-13T16:27:00Z"
"112","HAM-078",43.27774,-79.87807,"2023-07-10T16:05:00Z","2024-06-26T14:38:00Z"
"113","HAM-072",43.27815,-79.88745,"2023-07-10T16:18:00Z","2024-06-13T17:30:00Z"
"114","HAM-073",43.28003,-79.88284,"2023-07-10T16:30:00Z","2024-06-13T17:20:00Z"
"115","HAM-074",43.28268,-79.87783,"2023-07-10T16:42:00Z","2024-06-13T17:09:00Z"
"116","HAM-076",43.28368,-79.87139,"2023-07-10T16:54:00Z","2024-06-13T16:40:00Z"
"117","HAM-075",43.28577,-79.8707,"2023-07-10T17:03:00Z","2024-06-27T19:33:00Z"
"118","HAM-025",43.30969,-79.81158,"2023-07-11T12:51:00Z","2024-06-12T13:49:00Z"
"119","HAM-015",43.29365,-79.85536,"2023-07-11T13:22:00Z","2024-06-13T14:25:00Z"
"120","HAM-023",43.28569,-79.86764,"2023-07-11T13:46:00Z","2024-06-13T14:45:00Z"
"121","HAM-017",43.29468,-79.8297,"2023-07-11T14:30:00Z","2024-06-13T14:17:00Z"
"122","HAM-081",43.2712,-79.87804,"2023-07-11T14:50:00Z","2024-06-26T13:20:00Z"
"123","HAM-082",43.27184,-79.87547,"2023-07-11T14:53:00Z","2024-06-26T13:40:00Z"
"124","HAM-058",43.31292,-79.8061,"2023-08-16T13:50:00Z","2024-08-08T19:15:00Z"
"125","HAM-046",43.30771,-79.82588,"2023-08-16T14:20:00Z","2024-08-23T16:30:00Z"
"126","HAM-034",43.27142,-79.80812,"2023-08-16T15:25:00Z","2024-08-08T15:20:00Z"
"127","HAM-041",43.2767,-79.83893,"2023-08-16T15:50:00Z","2024-08-23T15:30:00Z"
"128","HAM-047",43.30267,-79.83991,"2023-08-16T17:27:00Z","2024-08-23T16:11:00Z"
"129","HAM-063",43.2822,-79.88451,"2023-08-16T18:18:00Z","2024-08-23T14:26:00Z"
"130","HAM-043",43.27957,-79.8915,"2023-08-16T19:06:00Z","2024-08-27T14:51:00Z"
"131","HAM-071",43.28121,-79.88821,"2023-08-16T19:28:00Z","2024-06-13T17:57:00Z"
"132","HAM-070",43.28605,-79.88826,"2023-08-16T19:38:00Z","2024-08-23T15:07:00Z"
"133","HAM-013",43.29691,-79.80157,"2023-08-22T19:30:00Z","2024-08-08T16:23:00Z"
"134","HAM-084",43.27551,-79.87173,"2023-09-14T15:53:00Z","2024-06-26T14:14:00Z"
"135","HAM-083",43.27432,-79.87759,"2023-09-14T15:56:00Z","2024-06-27T20:00:00Z"
"136","HAM-036",43.27139,-79.8695,"2023-09-14T16:22:00Z","2024-09-03T19:05:00Z"
"137","HAM-051",43.26976,-79.87317,"2023-09-14T16:50:00Z","2024-07-31T17:20:00Z"
"138","HAM-011",43.2773,-79.8669,"2023-09-14T17:32:00Z","2024-07-31T13:55:00Z"
"139","HAM-053",43.2759,-79.86333,"2023-09-14T18:45:00Z","2024-07-31T14:45:00Z"
"140","HAM-032",43.27973,-79.89346,"2023-10-06T17:25:00Z","2024-10-31T12:52:00Z"
"141","HAM-030",43.27192,-79.92519,"2023-10-06T18:25:00Z","2024-10-31T14:30:00Z"
"142","HAM-035",43.26228,-79.77238,"2023-10-06T19:35:00Z","2024-09-03T18:30:00Z"
"143","HAM-001",43.30528,-79.82083,"2023-12-01T15:45:00Z","2024-12-02T17:46:00Z"
"144","HAM-027",43.27861,-79.87556,"2023-12-01T16:25:00Z","2024-12-02T16:30:00Z"
"145","HAM-004",43.28667,-79.84556,"2023-12-01T17:35:00Z","2024-11-18T15:24:00Z"
"146","HAM-002",43.28528,-79.79556,"2023-12-01T18:15:00Z","2024-12-02T15:38:00Z"
"147","HAM-007",43.30145,-79.83985,"2023-12-05T15:00:00Z","2024-12-03T16:30:00Z"
"148","HAM-028",43.27508,-79.88077,"2023-12-05T15:45:00Z","2024-12-03T15:55:00Z"
"149","HAM-037",43.27886,-79.88536,"2023-12-05T16:15:00Z","2025-06-10T15:10:00Z"
"150","HAM-029",43.28936,-79.88731,"2023-12-20T18:25:00Z","2024-03-07T17:30:00Z"
"151","HAM-033",43.29215,-79.88395,"2023-12-20T18:55:00Z","2024-03-07T18:40:00Z"
"152","HAM-067",43.29417,-79.87926,"2024-03-07T16:18:00Z","2024-08-26T16:40:00Z"
"153","HAM-059",43.29498,-79.87552,"2024-03-07T16:49:00Z","2024-08-26T17:38:00Z"
"154","HAM-066",43.29283,-79.88119,"2024-03-07T17:20:00Z","2024-08-26T16:30:00Z"
"155","HAM-061",43.29,-79.88234,"2024-03-07T18:18:00Z","2024-08-22T16:11:00Z"
"156","HAM-033",43.29215,-79.88395,"2024-03-07T18:45:00Z","2024-08-22T15:25:00Z"
"157","HAM-087",43.29413,-79.88175,"2024-03-07T18:55:00Z","2024-08-26T17:10:00Z"
"158","HAM-062",43.29042,-79.88627,"2024-03-07T19:14:00Z","2024-11-18T05:00:00Z"
"159","HAM-068",43.28972,-79.88528,"2024-03-07T19:28:00Z","2024-08-22T14:12:00Z"
"160","HAM-029",43.28936,-79.88731,"2024-03-07T21:30:00Z","2024-08-22T13:37:00Z"
"161","HAM-095",43.27225,-79.90253,"2024-03-13T14:24:00Z","2024-09-04T14:13:00Z"
"162","HAM-094",43.27214,-79.91265,"2024-03-13T14:43:00Z","2024-09-04T14:23:00Z"
"163","HAM-093",43.2771,-79.91317,"2024-03-13T15:20:00Z","2024-08-28T14:30:00Z"
"164","HAM-090",43.27361,-79.92039,"2024-03-13T15:48:00Z","2024-08-28T14:40:00Z"
"165","HAM-088",43.27514,-79.92065,"2024-03-13T16:24:00Z","2024-08-28T17:00:00Z"
"166","HAM-091",43.27248,-79.92561,"2024-03-13T16:45:00Z","2024-08-07T15:00:00Z"
"167","HAM-096",43.28358,-79.8971,"2024-03-13T17:05:00Z","2024-11-12T17:00:00Z"
"168","HAM-089",43.26792,-79.92775,"2024-03-13T18:14:00Z","2024-08-28T16:20:00Z"
"169","HAM-044",43.27725,-79.90494,"2024-03-13T18:47:00Z","2024-09-04T14:19:00Z"
"170","HAM-042",43.26864,-79.93536,"2024-03-27T14:33:00Z","2024-10-31T13:46:00Z"
"171","HAM-098",43.27531,-79.89396,"2024-03-27T16:11:00Z","2024-09-04T14:05:00Z"
"172","HAM-099",43.28157,-79.88982,"2024-04-05T15:00:00Z","2024-08-27T14:30:00Z"
"173","HAM-025",43.30969,-79.81158,"2024-06-12T13:59:00Z","2025-07-10T13:33:00Z"
"174","HAM-003",43.29504,-79.79685,"2024-06-13T13:36:00Z","2025-07-03T14:15:00Z"
"175","HAM-021",43.28578,-79.82647,"2024-06-13T14:10:00Z","2025-07-10T14:00:00Z"
"176","HAM-017",43.29468,-79.8297,"2024-06-13T14:19:00Z","2025-07-10T13:48:00Z"
"177","HAM-015",43.29365,-79.85536,"2024-06-13T14:34:00Z","2025-07-10T14:16:00Z"
"178","HAM-023",43.28569,-79.86764,"2024-06-13T14:50:00Z","2025-07-10T14:53:00Z"
"179","HAM-005",43.28102,-79.86579,"2024-06-13T15:06:00Z","2025-07-10T14:27:00Z"
"180","HAM-085",43.27843,-79.8619,"2024-06-13T16:05:00Z","2025-07-10T15:59:00Z"
"181","HAM-077",43.28064,-79.8693,"2024-06-13T16:33:00Z","2025-07-10T14:37:00Z"
"182","HAM-076",43.28368,-79.87139,"2024-06-13T16:50:00Z","2025-07-10T14:46:00Z"
"183","HAM-074",43.28268,-79.87783,"2024-06-13T17:12:00Z","2025-07-10T15:17:00Z"
"184","HAM-073",43.28003,-79.88284,"2024-06-13T17:28:00Z","2025-07-10T15:30:00Z"
"185","HAM-072",43.27815,-79.88745,"2024-06-13T17:48:00Z","2025-07-03T15:51:00Z"
"186","HAM-079",43.27447,-79.88546,"2024-06-26T13:13:00Z","2025-07-10T15:42:00Z"
"187","HAM-081",43.2712,-79.87804,"2024-06-26T13:44:00Z","2025-07-23T14:02:00Z"
"188","HAM-082",43.27184,-79.87547,"2024-06-26T14:10:00Z","2025-08-27T14:42:00Z"
"189","HAM-078",43.27774,-79.87807,"2024-06-26T14:47:00Z","2025-07-23T19:05:00Z"
"190","HAM-075",43.28577,-79.8707,"2024-06-27T19:36:00Z","2025-07-10T15:05:00Z"
"191","HAM-084",43.27551,-79.87173,"2024-06-27T19:38:00Z","2025-07-23T14:29:00Z"
"192","HAM-083",43.27432,-79.87759,"2024-06-27T20:08:00Z","2025-07-23T14:19:00Z"
"193","HAM-080",43.27191,-79.88202,"2024-06-27T20:15:00Z","2025-07-23T19:49:00Z"
"194","HAM-071",43.28126,-79.88805,"2024-07-04T15:22:00Z",NA
"195","HAM-011",43.2773,-79.8669,"2024-07-31T13:58:00Z","2025-08-01T12:50:00Z"
"196","HAM-053",43.2759,-79.86333,"2024-07-31T14:48:00Z","2025-08-01T14:00:00Z"
"197","HAM-051",43.26976,-79.87317,"2024-07-31T17:22:00Z","2025-04-25T14:30:00Z"
"198","HAM-091",43.27248,-79.92561,"2024-08-07T15:10:00Z","2024-08-28T12:00:00Z"
"199","HAM-034",43.27142,-79.80812,"2024-08-08T15:40:00Z","2025-08-06T15:50:00Z"
"200","HAM-058",43.31292,-79.8061,"2024-08-08T19:19:00Z","2025-08-01T16:20:00Z"
"201","HAM-029",43.28936,-79.88731,"2024-08-22T13:45:00Z","2025-04-11T19:05:00Z"
"202","HAM-068",43.28972,-79.88528,"2024-08-22T14:15:00Z","2024-11-27T19:56:00Z"
"203","HAM-033",43.29215,-79.88395,"2024-08-22T15:30:00Z","2025-08-28T15:15:00Z"
"204","HAM-061",43.29,-79.88234,"2024-08-22T16:15:00Z","2024-09-05T02:59:00Z"
"205","HAM-063",43.2822,-79.88451,"2024-08-23T14:28:00Z","2025-08-01T15:50:00Z"
"206","HAM-070",43.28605,-79.88826,"2024-08-23T15:09:00Z","2024-11-27T20:20:00Z"
"207","HAM-041",43.2767,-79.83893,"2024-08-23T15:35:00Z","2025-08-06T17:00:00Z"
"208","HAM-047",43.30267,-79.83991,"2024-08-23T16:14:00Z","2025-04-01T14:30:00Z"
"209","HAM-046",43.30771,-79.82588,"2024-08-23T16:34:00Z","2025-06-21T04:00:00Z"
"210","HAM-067",43.29417,-79.87926,"2024-08-26T16:45:00Z","2024-11-27T19:44:00Z"
"211","HAM-087",43.29413,-79.88175,"2024-08-26T17:15:00Z","2024-11-19T17:00:00Z"
"212","HAM-059",43.29498,-79.87552,"2024-08-26T17:40:00Z","2024-11-27T19:26:00Z"
"213","HAM-043",43.27957,-79.8915,"2024-08-27T14:54:00Z","2025-08-01T16:00:00Z"
"214","HAM-035",43.26228,-79.77238,"2024-09-03T18:35:00Z","2025-08-28T14:00:00Z"
"215","HAM-036",43.27139,-79.8695,"2024-09-03T19:08:00Z","2025-08-01T15:30:00Z"
"216","HAM-032",43.27973,-79.89346,"2024-10-31T12:55:00Z","2025-10-02T17:00:00Z"
"217","HAM-042",43.26864,-79.93536,"2024-10-31T13:50:00Z","2025-09-26T17:05:00Z"
"218","HAM-030",43.27192,-79.92519,"2024-10-31T14:35:00Z","2025-10-02T14:30:00Z"
"219","HAM-028",43.27508,-79.88077,"2024-12-09T05:07:00Z","2025-11-25T14:00:00Z"
"220","HAM-027",43.27861,-79.87556,"2024-12-09T16:43:00Z","2025-11-25T14:00:00Z"
"221","HAM-004",43.28667,-79.84556,"2024-12-09T17:45:00Z","2025-11-25T14:00:00Z"
"222","HAM-002",43.28528,-79.79556,"2024-12-10T15:10:00Z","2025-11-24T14:00:00Z"
"223","HAM-067",43.29422,-79.87928,"2025-04-11T14:55:00Z","2025-09-08T14:12:00Z"
"224","HAM-059",43.29493,-79.87553,"2025-04-11T15:25:00Z","2025-08-28T17:13:00Z"
"225","HAM-087",43.29432,-79.88198,"2025-04-11T16:00:00Z","2025-09-03T15:30:00Z"
"226","HAM-066",43.29282,-79.88116,"2025-04-11T16:10:00Z","2025-08-28T14:55:00Z"
"227","HAM-068",43.28975,-79.8852,"2025-04-11T17:00:00Z","2025-09-26T13:35:00Z"
"228","HAM-061",43.28919,-79.88244,"2025-04-11T17:21:00Z","2025-08-28T16:14:00Z"
"229","HAM-062",43.29044,-79.88634,"2025-04-11T18:09:00Z","2025-09-26T13:35:00Z"
"230","HAM-070",43.28721,-79.88798,"2025-04-11T18:45:00Z","2025-09-26T14:46:00Z"
"231","HAM-029",43.28936,-79.88731,"2025-04-11T19:06:00Z","2025-09-26T13:53:00Z"
"232","HAM-098",43.2752,-79.89442,"2025-04-17T15:10:00Z","2025-09-23T16:43:00Z"
"233","HAM-089",43.26792,-79.92775,"2025-04-17T16:20:00Z","2025-09-26T16:35:00Z"
"234","HAM-091",43.27258,-79.9254,"2025-04-17T16:45:00Z","2025-09-26T16:20:00Z"
"235","HAM-093",43.27714,-79.91316,"2025-04-25T13:45:00Z","2025-10-02T15:30:00Z"
"236","HAM-088",43.27515,-79.9207,"2025-04-25T14:05:00Z","2025-10-02T15:15:00Z"
"237","HAM-090",43.2742,-79.91723,"2025-04-25T14:25:00Z","2025-10-02T16:00:00Z"
"238","HAM-044",43.27636,-79.90489,"2025-04-25T14:45:00Z","2025-09-02T18:49:00Z"
"239","HAM-094",43.2719,-79.91228,"2025-04-25T15:05:00Z","2025-09-02T18:15:00Z"
"240","HAM-095",43.2722,-79.90237,"2025-04-25T15:25:00Z","2025-09-23T16:29:00Z"
"241","HAM-096",43.2837,-79.89738,"2025-04-25T15:40:00Z","2025-09-23T17:05:00Z"
"242","HAM-099",43.28173,-79.88989,"2025-04-28T22:05:00Z","2025-11-19T16:58:00Z"
"243","HAM-003",43.29524,-79.79745,"2025-07-03T14:30:00Z","2025-11-25T16:49:00Z"
"244","HAM-045",43.3046,-79.80238,"2025-07-03T14:45:00Z","2025-11-25T16:30:00Z"
"245","HAM-047",43.30267,-79.83991,"2025-07-03T15:22:00Z","2025-11-19T18:17:00Z"
"246","HAM-072",43.27815,-79.88745,"2025-07-03T16:00:00Z","2025-10-21T14:44:00Z"
"247","HAM-051",43.26976,-79.87317,"2025-07-03T16:30:00Z","2025-11-19T18:39:00Z"
"248","HAM-025",43.30969,-79.81158,"2025-07-10T13:40:00Z",NA
"249","HAM-017",43.29468,-79.8297,"2025-07-10T13:51:00Z","2025-10-21T12:56:00Z"
"250","HAM-021",43.28578,-79.82647,"2025-07-10T14:03:00Z",NA
"251","HAM-015",43.29365,-79.85536,"2025-07-10T14:21:00Z","2025-10-21T13:04:00Z"
"252","HAM-005",43.28102,-79.86579,"2025-07-10T14:33:00Z","2025-10-21T14:33:00Z"
"253","HAM-077",43.28064,-79.8693,"2025-07-10T14:41:00Z","2025-10-21T13:55:00Z"
"254","HAM-076",43.28368,-79.87139,"2025-07-10T14:49:00Z","2025-10-21T13:46:00Z"
"255","HAM-023",43.28569,-79.86764,"2025-07-10T14:56:00Z","2025-10-21T13:35:00Z"
"256","HAM-075",43.28577,-79.8707,"2025-07-10T15:08:00Z","2025-10-21T13:42:00Z"
"257","HAM-074",43.28268,-79.87783,"2025-07-10T15:20:00Z","2025-10-21T14:28:00Z"
"258","HAM-073",43.28003,-79.88284,"2025-07-10T15:35:00Z","2025-10-21T14:35:00Z"
"259","HAM-079",43.27447,-79.88546,"2025-07-10T15:46:00Z","2025-10-21T14:50:00Z"
"260","HAM-085",43.27843,-79.8619,"2025-07-10T16:08:00Z","2025-10-21T13:15:00Z"
"261","HAM-081",43.2712,-79.87804,"2025-07-23T14:12:00Z","2025-10-21T14:11:00Z"
"262","HAM-083",43.27432,-79.87759,"2025-07-23T14:24:00Z","2025-10-21T14:17:00Z"
"263","HAM-084",43.27551,-79.87173,"2025-07-23T14:35:00Z","2025-10-21T14:02:00Z"
"264","HAM-078",43.27774,-79.87807,"2025-07-23T19:11:00Z","2025-10-21T14:22:00Z"
"265","HAM-080",43.27191,-79.88202,"2025-07-23T19:49:00Z","2025-10-21T14:55:00Z"
"266","HAM-011",43.2773,-79.8669,"2025-08-01T13:14:00Z","2025-11-19T17:18:00Z"
"267","HAM-053",43.2759,-79.86333,"2025-08-01T14:25:00Z","2025-11-19T17:35:00Z"
"268","HAM-036",43.27139,-79.8695,"2025-08-01T15:30:00Z","2025-11-19T18:30:00Z"
"269","HAM-043",43.27957,-79.8915,"2025-08-01T16:00:00Z",NA
"270","HAM-063",43.2822,-79.88451,"2025-08-01T16:00:00Z","2025-11-19T17:05:00Z"
"271","HAM-058",43.31292,-79.8061,"2025-08-01T16:30:00Z",NA
"272","HAM-034",43.27142,-79.80812,"2025-08-06T15:50:00Z",NA
"273","HAM-041",43.2767,-79.83893,"2025-08-06T17:05:00Z","2025-11-19T17:55:00Z"
"274","HAM-046",43.30771,-79.82588,"2025-08-07T14:20:00Z","2025-11-25T16:15:00Z"
"275","HAM-035",43.26228,-79.77238,"2025-08-28T14:10:00Z",NA
"276","HAM-033",43.29215,-79.88395,"2025-08-28T15:25:00Z",NA
"277","HAM-032",43.27973,-79.89346,"2025-10-02T17:05:00Z",NA
