,default,wd,weight,calm,panel.fun,mean.wd,norm,Interval1,Interval2,Interval3,Interval4,direction,total.rec,prop.time
1,all data,22.5,442,3.5,3.8474,-75.5,NA,1.359574468,3.887234043,5.955319149,8.463829787,22.5,5671,0.077940399
2,all data,45,381,3.5,3.8474,-75.5,NA,1.30212766,3.906382979,4.99787234,7.295744681,45,5671,0.067183918
3,all data,67.5,273,3.5,3.8474,-75.5,NA,1.072340426,2.814893617,3.561702128,5.227659574,67.5,5671,0.048139658
4,all data,90,355,3.5,3.8474,-75.5,NA,1.008510638,2.553191489,3.54893617,4.531914894,90,5671,0.062599189
5,all data,112.5,139,3.5,3.8474,-75.5,NA,0.631914894,1.972340426,2.527659574,2.661702128,112.5,5671,0.024510668
6,all data,135,73,3.5,3.8474,-75.5,NA,0.517021277,1.129787234,1.359574468,1.39787234,135,5671,0.012872509
7,all data,157.5,70,3.5,3.8474,-75.5,NA,0.344680851,0.708510638,0.995744681,1.340425532,157.5,5671,0.012343502
8,all data,180,209,3.5,3.8474,-75.5,NA,0.408510638,1.225531915,1.991489362,2.668085106,180,5671,0.03685417
9,all data,202.5,442,3.5,3.8474,-75.5,NA,0.785106383,3.312765957,6.319148936,8.463829787,202.5,5671,0.077940399
10,all data,225,556,3.5,3.8474,-75.5,NA,2.374468085,7.334042553,9.995744681,10.64680851,225,5671,0.098042673
11,all data,247.5,879,3.5,3.8474,-75.5,NA,3.6,11.94893617,15.64468085,16.83191489,247.5,5671,0.154999118
12,all data,270,602,3.5,3.8474,-75.5,NA,2.093617021,5.336170213,6.982978723,7.685106383,270,5671,0.106154117
13,all data,292.5,309,3.5,3.8474,-75.5,NA,0.823404255,2.834042553,4.614893617,5.917021277,292.5,5671,0.054487745
14,all data,315,198,3.5,3.8474,-75.5,NA,0.938297872,2.125531915,3.082978723,3.791489362,315,5671,0.034914477
15,all data,337.5,305,3.5,3.8474,-75.5,NA,1.053191489,2.565957447,4.289361702,5.840425532,337.5,5671,0.053782402
16,all data,360,438,3.5,3.8474,-75.5,NA,1.340425532,3.459574468,4.672340426,5.591489362,0,5671,0.077235056
