,direction,n,mean_ws,prop_time,weight,wt_speed2
1,0,210,3.522486772,0.076419214,0.082211657,0.084333214
2,22.5,177,3.984620213,0.06441048,0.078383551,0.090955245
3,45,213,4.543557642,0.077510917,0.107557422,0.142315532
4,67.5,176,3.255997475,0.064046579,0.063688565,0.060389495
5,90,188,3.611111111,0.068413392,0.075450729,0.07934511
6,112.5,83,3.477242303,0.030203785,0.032075821,0.032480942
7,135,44,3.036616162,0.016011645,0.014849346,0.013131462
8,157.5,40,3.152777778,0.014556041,0.014015806,0.012868482
9,180,117,3.646723647,0.042576419,0.047419116,0.05035843
10,202.5,117,3.641975309,0.042576419,0.047357372,0.050227374
11,225,254,2.597331584,0.092430859,0.073320573,0.055458628
12,247.5,392,2.300878685,0.142649199,0.1002408,0.067166717
13,270,297,2.301720913,0.108078603,0.07597555,0.050926331
14,292.5,142,3.971048513,0.051673945,0.062669795,0.072473518
15,315,106,3.417190776,0.038573508,0.040256854,0.04006129
16,337.5,192,3.961226852,0.069868996,0.084527044,0.09750823
