,default,direction,weight,calm,panel.fun,mean.wd,norm,Interval1,Interval2,Interval3,Interval4,wd,total.rec,prop.time
1,all data,22.5,177,5.1,3.107,-50.6,NA,1.437327348,4.078901934,5.477382597,6.87586326,22.5,2748,0.06441048
2,all data,45,213,5.1,3.107,-50.6,NA,1.515020718,4.428522099,5.788156077,8.274343923,45,2748,0.077510917
3,all data,67.5,176,5.1,3.107,-50.6,NA,1.709254144,5.477382597,6.254316298,6.837016575,67.5,2748,0.064046579
4,all data,90,188,5.1,3.107,-50.6,NA,0.958218232,3.133632597,4.45441989,4.86878453,90,2748,0.068413392
5,all data,112.5,83,5.1,3.107,-50.6,NA,0.427313536,2.13656768,3.107734807,3.224274862,112.5,2748,0.030203785
6,all data,135,44,5.1,3.107,-50.6,NA,0.466160221,1.243093923,1.670407459,1.709254144,135,2748,0.016011645
7,all data,157.5,40,5.1,3.107,-50.6,NA,0.349620166,1.048860497,1.553867403,1.553867403,157.5,2748,0.014556041
8,all data,180,117,5.1,3.107,-50.6,NA,0.699240331,1.890538674,2.667472376,3.030041436,180,2748,0.042576419
9,all data,202.5,117,5.1,3.107,-50.6,NA,0.893473757,3.107734807,3.923515193,4.545062155,202.5,2748,0.042576419
10,all data,225,254,5.1,3.107,-50.6,NA,3.107734807,9.128970994,9.750517956,9.867058011,225,2748,0.092430859
11,all data,247.5,392,5.1,3.107,-50.6,NA,7.070096685,14.37327348,15.22790055,15.22790055,247.5,2748,0.142649199
12,all data,270,297,5.1,3.107,-50.6,NA,4.247237569,6.940607735,7.510359116,7.691643646,270,2748,0.108078603
13,all data,292.5,142,5.1,3.107,-50.6,NA,1.126553867,2.758114641,4.545062155,5.516229282,292.5,2748,0.051673945
14,all data,315,106,5.1,3.107,-50.6,NA,0.854627072,2.796961326,3.884668508,4.117748619,315,2748,0.038573508
15,all data,337.5,192,5.1,3.107,-50.6,NA,1.592714088,4.273135359,5.943542818,7.458563536,337.5,2748,0.069868996
16,all data,360,210,5.1,3.107,-50.6,NA,1.346685083,3.651588398,4.66160221,5.438535912,0,2748,0.076419214
